company_name,website,funding_amount,funding_stage,uses_genai,genai_intensity,models_mentioned,build_patterns,pattern_count,market_type,sub_vertical,target_market,unique_findings,finding_count,newsletter_potential,technical_depth,confidence_score,content_analyzed_chars,sources_crawled,analyzed_at,competitors,differentiation,secret_sauce,competitive_moat,moat_explanation
Shengshu Technology,https://www.shengshu-ai.com,"86,390,601",series_a,Yes,core,Vidu; viduq1; Claude; Cursor,Agentic Architectures; Natural-Language-to-Code; Vertical Data Moats,3,horizontal,video content creation and multimedia generation for marketing and entertainment,b2b,"They are using the Model Context Protocol (MCP) as a distribution layer for an advanced video-generation API — i.e., exposing Vidu's heavy multimodal video models to desktop chat clients (Claude, Cursor) via a small Python MCP server. This is not just an API client: it's packaging model access as a pluggable 'model' for third‑party UIs. | The server is designed to translate short, chat-style prompts and structured parameter blobs (model, duration, aspect, resolution, movement amplitude, references) into Vidu API jobs. That implies nontrivial mapping from conversational inputs to long‑running, asynchronous video generation workflows, plus job lifecycle management (submit → poll/stream → provide final URL). | They pick uv/uvx (astral's runner) as the deployment/runtime primitive — a compact cross‑platform way to register an MCP server with different desktop clients. That is an unusual, pragmatic choice versus running a persistent public HTTP server or writing client‑specific plugins.",7,medium,medium,0.72,7562,0,2026-02-09T10:41:24.894056+00:00,"Runway; Stability AI (video capabilities / Sora / DreamStudio video); Synthesia; Google (Imagen Video, Phenaki/Imagen‑style research); Meta (Make‑A‑Video / video research teams); Luma AI / Kaiber / other creator‑facing 3D & video startups","Productized native multimodal video models exposed via an API and tightly integrated developer tooling (Vidu API + MCP server) that lets MCP‑capable clients (Claude, Cursor) call high‑quality video generation directly.",Proprietary native multimodal video models (the Vidu family) combined with developer‑friendly integration (Vidu API + MCP server) that enables third‑party MCP clients to generate high‑quality videos quickly and programmatically.,medium,"Shengshu's moat is moderate. Strengths include proprietary multimodal video models, a productized API and developer integrations (MCP server) that can embed Vidu into third‑party apps, and meaningful funding to develop models and infrastructure. These give it an advantage versus smaller startups and make integrations sticky for developer customers. However, large incumbents (Google, Meta, Stability) and well‑funded creator platforms (Runway, Synthesia) can replicate capabilities given their research scale, compute, dataset access, and distribution—so long‑term defensibility depends on continuing to build unique datasets, model optimizations, commercial partnerships (MCP ecosystem), and localized/regulatory advantages in target markets."
Fintower,https://fintower.ai/en,"1,767,901",seed,No,unclear,,Knowledge Graphs; Natural-Language-to-Code; Guardrail-as-LLM; Micro-model Meshes; Continuous-learning Flywheels; RAG (Retrieval-Augmented Generation); Agentic Architectures; Vertical Data Moats,8,horizontal,FP&A software for CFOs/CEOs (corporate financial planning and analysis),b2b,"Primary source material is marketing repetition — there are no concrete technical signals (no repos, no architecture docs, no demo links). This absence is itself telling: product is early/MVP and emphasis is go-to-market, not technical storytelling. | Likely hybrid approach: to deliver CFO/CEO-grade outputs they'd need to combine LLM-driven natural language reasoning with deterministic, auditable financial models (time-series forecasting, cash-flow simulators, scenario trees). The unique challenge is marrying generative outputs to double-entry-accounting-consistent projections. | High-probability use of RAG (retrieval-augmented generation) over firm-specific financial data: ingestion of GL/ERP/export CSVs, mapping to canonical schemas, and on-top retrieval to ground LLM answers. Doing this well requires schema mapping, entity resolution, and persistent embeddings tuned to financial text/numeric context.",10,medium,low,0.40,2607,0,2026-02-09T10:58:42.850978+00:00,Anaplan; Workday Adaptive Planning (Adaptive Insights); Vena / Planful; Cube; Causal / Jirav; Float / Tesorio (cash flow tools),"Positioning as an AI-first financial planning platform explicitly for CFOs and CEOs — combining forecasting, scenario planning and narrative insights designed for executive decision-making rather than purely FP&A team workflows.","An AI-first stack that maps domain-specific financial planning workflows into natural-language driven scenario generation and narrative insights for executives — effectively acting as an on-demand CFO assistant that combines models, data connectors and conversational outputs.",medium,"Fintower's moat depends on how well it combines AI models with financial-domain fine-tuning, pre-built executive workflows, and integrations that reduce customer switching costs. Those assets plus trusted relationships with CFOs/CEOs create moderate defensibility. However, the underlying technologies (LLMs, ETL/connectors, dashboards) are accessible to well-funded incumbents and new entrants, so without proprietary data, unique model fine-tuning, or scale-dependent network effects the moat is not high."
Flock AI,https://www.flockshop.ai,"6,000,000",seed,Yes,core,,Continuous-learning Flywheels; Vertical Data Moats; Knowledge Graphs; Micro-model Meshes; RAG (Retrieval-Augmented Generation); Guardrail-as-LLM; Natural-Language-to-Code; Agentic Architectures,8,vertical,brand-consistent on-model imagery for fashion & beauty ecommerce; scalable AI-driven creative production,b2b,"Brand DNA as a structured, parameterized conditioning space: Flock claims a ~200+ attribute schema encoding lighting, model aesthetics, fabric rendering, stitch-level detail, etc. That reads like an explicit, high-dimensional control space (not just prompt engineering) which implies they've built a parameter-to-model mapping layer so generative outputs can be reliably constrained to a brand’s visual language. | Closed-loop learning that mixes human approvals + online conversion data: they describe feeding creative approvals, feedback, and conversion signals back through reinforcement learning. That suggests a production RL-like pipeline where business KPIs (conversion lift) form part of the reward, rather than traditional supervised fine-tuning on labeled image pairs. | End-to-end integration into DAM / ecommerce pipelines: beyond generation, they emphasize delivering production-ready assets straight into client pipelines, 1-click publishing, attribution/metadata and built-in lift-testing. This requires non-trivial engineering — asset management, versioning, deterministic metadata, and hooks for A/B experiments and analytics.",8,high,medium,0.80,18595,0,2026-02-09T11:05:26.384145+00:00,"Stable Diffusion / Midjourney / OpenAI image models (generic generative image platforms); ZMO.ai (and similar commerce-focused generative image startups); Vue.ai / Mad Street Den (retail visual AI and personalization); Virtual try-on / 3D avatar providers (Zeekit (Walmart acquisition), Metail, Fits.Me, TryNow); Generated.Photos / Avatar/portrait synthesis providers; Traditional creative studios and photoshoot vendors (in-house agency teams, external production houses)","Brand-specific, production-ready generative imagery delivered into enterprise creative pipelines with a self-improving Brand DNA + reinforcement learning feedback loop.","A combined product offering of a structured Brand DNA (200+ visual attributes) that creates brand-specific generative models plus a reinforcement-learning feedback loop that continuously tunes outputs using creative approvals and real conversion data, delivered via enterprise integrations and implementation support so outputs are production-ready.",medium,"Flock's moat is founded on proprietary brand-specific data/representations (Brand DNA), a closed-loop RL process that compounds improvements per customer, and enterprise integrations/implementation that produce production-ready assets and create switching friction. Those elements are defensible in the near term because they require customer trust, workflow embedding, and labeled brand data. However, the core ML capabilities (generative models, avatar synthesis) are broadly accessible and could be matched by better-funded incumbents or startups that obtain similar brand datasets and engineering talent, so the moat is not impregnable."
HAQQ,https://www.haqq.ai/,"3,000,000",seed,No,unclear,,Vertical Data Moats; RAG (Retrieval-Augmented Generation); Guardrail-as-LLM; Knowledge Graphs; Continuous-learning Flywheels; Micro-model Meshes; Agentic Architectures; Natural-Language-to-Code,8,vertical,"law practice management software (case management, contract/document automation, billing, matter workflows, and compliance tracking)",b2b,"Content provided contains virtually no technical detail — repeated marketing headline only — so there are no explicit implementation artifacts to analyze. | Because technical specifics are missing, the only ‘unique’ signals are in what they might need to do differently for an AI-first legal practice manager: e.g., combine RAG (retrieval-augmented generation) with strict citation provenance so automated outputs can be defensibly traced back to statutes/cases. | A genuinely unusual technical choice for this product (if implemented) would be a hybrid execution model: sensitive inference on-prem or in-client for confidential documents, with non-sensitive orchestration in the cloud — this balances privacy/regulatory needs with scale.",9,medium,low,0.45,1993,0,2026-02-09T11:11:46.312697+00:00,Clio; MyCase / PracticePanther / Smokeball; Casetext (CoCounsel) / Harvey AI; Kira Systems / Luminance / Evisort; Thomson Reuters (HighQ / Westlaw Edge) / LexisNexis,"Positioning as a 'Legal AI Twin' — an AI-native, firm-personalized assistant embedded into practice management to drive case outcomes and firm performance rather than just digitizing workflows.","A firm-specific 'Legal AI Twin' that combines practice-management operational data and a generative-AI stack to deliver contextualized, outcome-oriented assistance unique to each law firm.",medium,"HAQQ's moat depends on building firm-specific data assets, tight integrations into law-firm workflows, and regulatory/privacy trust. Those create meaningful switching costs and a network effect if multiple firms adopt and HAQQ refines models and templates. However, the moat is only medium because large incumbents (Clio, Thomson Reuters, LexisNexis) and specialized AI startups have deep pockets, existing distribution, and can replicate many model- or integration-level features. True long-term defensibility requires proprietary training data, strong client lock-in, and demonstrable outcome improvements — which are achievable but not trivial."
Berget AI,https://berget.ai,"2,488,479",pre_seed,Yes,core,openai/gpt-oss; openai; anthropic; google,Micro-model Meshes; Natural-Language-to-Code; Guardrail-as-LLM; Agentic Architectures; Vertical Data Moats; RAG (Retrieval-Augmented Generation); Continuous-learning Flywheels; Knowledge Graphs,8,horizontal,LLM inference and agentic infrastructure platform for deploying open-source models (on-prem/EU-resident),b2b,"They’ve implemented a Cluster API Infrastructure Provider for Harvester (CAPHV). Building a CAPI provider for Harvester is unusual — it signals a deliberate choice to target managed bare‑metal / HCI (Harvester) environments rather than the usual cloud-first flows (EKS/GKE/AKS). This implies investments in low-level infra automation, machine provisioning, and opaque networking/VM lifecycle problems that most AI startups avoid. | End‑to‑end on‑prem / sovereign stack: repositories show coordinated pieces — a GitOps‑oriented landing/frontend, a developer CLI with streaming/model selection, a Keycloak theme and a CAPI provider — indicating they aim to deliver a single integrated on‑prem experience (identity, infra provisioning, model ops, developer UX). The tight coupling of auth (Keycloak), infra (Harvester/CAPI), and dev tooling is nonstandard. | Explicit models catalog / metadata integration (models.dev). Including a models catalog repo and references to preconfigured open models suggests they plan a curated compatibility matrix (model metadata, cost, modalities, conversion requirements) to drive automated deployment and runtime selection — tackling the messy problem of model heterogeneity (frameworks, quantization, token limits).",8,high,medium,0.72,25145,0,2026-02-09T11:19:10.574227+00:00,Hugging Face; Aleph Alpha; MosaicML; Replicate; Ollama (and on-prem LLM deploy tools like Llama.cpp/Owl)**; Banana.dev / other serverless inference providers,"A Europe-first, compliance- and sustainability-focused platform for running open-source LLMs with serverless inference and GitOps developer workflows that can run on cloud or on-prem Kubernetes/Harvester clusters.",Combining EU-first regulatory/sovereignty positioning with an operational platform that makes open-source LLMs easy to deploy (serverless inference + GitOps + cluster integrations) and a sustainability narrative (renewable energy + reused hardware).,medium,"Berget’s moat is primarily regulatory and trust-based: EU data residency, compliance alignment (GDPR, NIS-2, DORA) and a regional brand make it attractive to regulated European customers and harder to replace with generic US cloud vendors. Technical components (serverless inference, GitOps, Harvester/Kubernetes integrations, model catalog) raise switching costs but are not fundamentally unique—open-source tooling and cloud providers can replicate them. The sustainability angle and curated EU-focused integrations add differentiation but are easier to copy than proprietary model IP or large-scale network effects, so defensibility is moderate."
Forerunner,https://withforerunner.com,"26,300,000",series_b,No,none,,Knowledge Graphs; Natural-Language-to-Code; Guardrail-as-LLM; Micro-model Meshes; Continuous-learning Flywheels; RAG (Retrieval-Augmented Generation); Agentic Architectures; Vertical Data Moats,8,vertical,GovTech / public sector geospatial operations and resilience planning,b2b,"The visible artifacts strongly imply heavy reliance on headless-browser rendering (browserless.io). Rather than pure HTML scraping, Forerunner appears to be capturing fully rendered pages (JS execution, client-side content), which is necessary for modern SPA/JS-heavy sites and paywalled/obfuscated content. | Using a third-party headless-browser service (browserless) as a core ingestion point is an unusual operational choice for a Series B AI product: it accelerates development but creates predictable throttling/ops boundaries and cost/latency patterns that shape architectural tradeoffs. | Repeated unit-limit messages suggest per-request, high-fidelity page renders (expensive units) rather than lightweight crawls. That implies they prioritize fidelity of source material (visual/DOM context, dynamically injected content, ads scripts) to extract subtle signals other pipelines miss.",6,medium,low,0.55,1363,0,2026-02-09T11:27:59.007131+00:00,Esri (ArcGIS); Maxar Technologies; Planet Labs; Orbital Insight; Descartes Labs; One Concern; Google Earth Engine / Google Cloud (geospatial ML tools),An AI-first geospatial platform explicitly focused on modernizing government operations and improving community resilience by turning geospatial data into operational workflows and decision support.,"A focused combination of domain expertise in government resilience, productized AI models over geospatial inputs, and an end-to-end platform that operationalizes insights into government workflows and decision systems.",medium,"Forerunner's moat is medium because focused domain specialization (government resilience) and proprietary models/datasets plus public-sector relationships provide real advantages and some switching costs. However, large incumbents (Esri, Maxar, Google) and well-funded geospatial analytics startups with overlapping capabilities can replicate many technical elements. The true defensibility will depend on exclusive data access, validated models with proven outcomes, regulatory/compliance certifications, and long-term government contracts — if Forerunner secures those, the moat could strengthen; otherwise competitive pressure is high."
Forerunner,https://withforerunner.com,"12,700,000",series_a,No,none,,Knowledge Graphs; Natural-Language-to-Code; Guardrail-as-LLM; Micro-model Meshes; Continuous-learning Flywheels; RAG (Retrieval-Augmented Generation); Agentic Architectures; Vertical Data Moats,8,vertical,public-sector geospatial SaaS and operations optimization,b2b,"Primary observable artifact is a repeated browserless.io quota message — strong signal Forerunner's ingestion pipeline relies on a third‑party headless-browser service (browserless) rather than a fully in‑house Chromium fleet. | Using an external headless-browser provider is an unusual operational choice for a firm claiming sophisticated insight discovery — it offloads rendering, JS execution, and session management but introduces quota, latency, and vendor-dependence tradeoffs not typical in mature news/ML stacks. | If they really depend on browserless for capture, their pipeline is likely capturing fully rendered DOMs/screenshots and possibly network traces — this enables extraction of client-side rendered content (SPA pages, charts, paywalled JS content) that simple HTML crawlers miss.",8,low,low,0.65,1363,0,2026-02-09T11:31:31.345999+00:00,Esri (ArcGIS); Palantir; One Concern; Orbital Insight / Descartes Labs (remote sensing analytics); Planet / Maxar (imagery providers); CARTO,An AI-first geospatial platform purpose-built for government operations and community resilience—combining ML analytics with operational workflows tailored to public-sector use cases.,A tightly focused combination of geospatial ML models and government-facing operational workflows that converts imagery and sensor data into actionable resilience and operations intelligence for public-sector users.,medium,"Forerunner can build a defensible position through domain-specific models, curated ground-truth datasets from government pilots, integrations into operational workflows, and public-sector relationships and compliance. However, large incumbents (Esri, Palantir) and strong imagery/analytics providers (Planet, Maxar, Orbital Insight) have substantial resources, existing contracts, and platform breadth. That makes the moat meaningful but not unassailable—Forerunner’s advantage will depend on accelerating data-network effects, demonstrating measurable resilience outcomes, and securing long-term government procurements."
CloudForge,https://www.cloudforgesoftware.com/,"3,950,000",seed,No,unclear,,Vertical Data Moats; Knowledge Graphs; RAG (Retrieval-Augmented Generation); Agentic Architectures; Continuous-learning Flywheels; Micro-model Meshes; Guardrail-as-LLM; Natural-Language-to-Code,8,vertical,"metals procurement, supplier relationship management and AI-enabled prospecting in the metals supply chain",b2b,"Verticalization on the metals supply chain: CloudForge is explicitly combining AI prospecting, CRM and procurement into a single product vertical. That end-to-end focus (from lead discovery to contract/procurement execution) is unusual compared with many vendors that split front-office prospecting (ZoomInfo-like) from back-office procurement (Coupa-like). | Implicit requirement for a metallurgical knowledge graph / ontology: to match buyers and suppliers across alloy grades, treatments, certifications, dimensional tolerances and unit conversions they must normalize domain-specific entities. That's a non-trivial technical choice that implies building structured domain models rather than relying on generic LLM output alone. | Heavy multi-modal ingestion pipeline is implied: practical procurement for metals requires extracting structured facts from PDFs, invoices, certificates of analysis, spec sheets and legacy ERP exports. Expect a custom pipeline combining OCR, schema extraction, rules engines and ML-based NER — not just simple scraper + LLM.",7,medium,low,0.40,6526,0,2026-02-09T11:35:29.137200+00:00,"Salesforce (with industry partners); SAP Ariba / SAP SCM; Oracle Procurement Cloud; Coupa; Jaggaer / Ivalua / GEP (procurement suites); MetalMiner / Fastmarkets / SteelOrbis; ZoomInfo / Apollo / Clearbit (AI prospecting and sales intelligence); Specialized metals/trading platforms and marketplaces (e.g., Exchange or vertical trading platforms)","A vertically focused, AI-first platform that combines prospecting, CRM and procurement specifically for the metals supply chain—bridging market intelligence, sales/procurement workflows and transaction orchestration in one product.","Vertical specialization: combining proprietary/curated metals supply-chain signals with AI models and embedding those into prospecting, CRM and procurement workflows—creating a product that understands metals-specific attributes (grades, mills, lead-times, contracts) end-to-end.",medium,"CloudForge's niche focus on the metals supply chain and its positioning as an AI-driven combo of prospecting, CRM and procurement creates a practical advantage versus horizontal vendors. The moat becomes meaningful if CloudForge has or builds proprietary metals datasets, supplier/buyer network effects, and workflows embedded into customers' operations. However, the public materials show limited technical disclosure and the company is early-stage—large incumbents (Salesforce, SAP, Oracle, Coupa) or specialist market-data vendors could replicate the core capabilities if they prioritize metals verticalization and acquire relevant data or startups. Therefore the moat is neither absent nor unassailable."
Recapp,https://recapp.co,"11,000,000",unknown,No,none,,Continuous-learning Flywheels; Vertical Data Moats; RAG (Retrieval-Augmented Generation); Micro-model Meshes; Knowledge Graphs; Guardrail-as-LLM; Agentic Architectures; Natural-Language-to-Code,8,vertical,AI-driven personalized sports highlights and short-form video distribution,b2c,"Signal fusion beyond typical analytics: Recapp explicitly combines session replay/web beacons, first-party ‘watched items’ (MongoDB) and content transcription/analysis services. That suggests a ranking engine that fuses low‑level UI/engagement traces with content‑level features (speech/text, entities, events) to surface highlights, rather than relying on simple time‑based or editorial feeds. | Content transcription + 'content analysis services' in Privacy Policy implies an automated multimodal pipeline (ASR → NER/event extraction → clip scoring). They likely transcribe commentary and run semantic extraction to identify plays (names, game events) and then map those to short video clips for the feed. | Design choice to persist granular watch state in a document DB (MongoDB) with explicit 1 year retention for preferences and watched markers indicates a freshness-aware personalization layer: short‑term recency windows plus longer-term preference signals to avoid re-surfacing content and to bias for unseen highlights.",9,medium,medium,0.60,70003,0,2026-02-09T11:42:28.971852+00:00,"WSC Sports; Pixellot; Hudl / Hudl Assist; Bleacher Report (B/R) / B/R Gridiron / House of Highlights (media brands); ESPN / theScore / Yahoo Sports; Overtime; Pixellot-adjacent startups (e.g., Reely, MatchTV-like services); Social platforms (TikTok, X, Instagram Reels, YouTube Shorts)","A mobile-first, AI-powered consumer app that aggregates short-form game highlights across leagues and teams into a personalized, organized feed—positioned as an 'organized version of social media' for sports highlights.","A tightly integrated combination of automated highlight detection/clipping, fast content ingestion across leagues, and personalized ranking that uses first‑party user preference and engagement signals to surface the most relevant short-form plays for each fan.",medium,"Recapp's moat arises from a combination of proprietary ML models, an ingestion/clip pipeline tuned for speed and scale, and accumulated first‑party user engagement and preference data which improves personalization. Those elements create a better user experience that can drive retention and stronger user signals. However, the space is attractive to major publishers, platform owners, and enterprise video vendors who already have content relationships, distribution scale, and engineering resources. Without exclusive content rights, unique models, or deep integration with leagues, the position is defensible but not impregnable; continued differentiation will require execution on partnerships, model accuracy, and retaining a loyal user base."
Muso Action,https://muso-action.com/,"23,061,401",seed,No,none,,,0,vertical,industrial robotics and manufacturing automation,b2b,"Repeated 'You've reached the units usage limit allowed under our free plan' messages from browserless.io in the scraped content strongly indicate Muso Action relies on headless-browser rendering (browserless) as a core part of their ingestion pipeline—i.e., they fetch and render JS-heavy pages rather than only ingesting RSS/APIs. This is a telltale sign of scraping arbitrary web pages (incl. single‑page apps and paywalled/dynamic content) rather than just structured feeds. | The choice to use an external headless-browser SaaS (browserless.io) rather than building in-house rendering suggests a pragmatic, service-first architecture that trades control for speed-to-market—but it also creates a brittle operational dependency and potential cost/execution vector that many newsletter-first products avoid by relying on partner APIs or curated sources. | Zero public GitHub repos combined with a $23M seed implies a closed, proprietary stack: likely investments in private data collection, labeling workflows, and model fine-tuning rather than open-source toolchains. This suggests they view dataset and pipeline IP as core assets rather than code libraries.",8,medium,low,0.60,5601,0,2026-02-09T11:54:53.183061+00:00,Covariant; NVIDIA (Isaac Robotics / Isaac Sim); Boston Dynamics; Open Robotics / ROS ecosystem; Agility Robotics; Amazon Robotics; Locus Robotics / Fetch Robotics (AMR vendors),"An early-stage, well-funded seed company combining AI and robotics talent to build proprietary robotics/AI capabilities — positioning itself as a technology-first startup (hiring engineers) rather than a hardware vendor or broad tool/platform provider.","Concentration of technical talent and seed funding to iterate quickly on robotics + AI algorithms and build proprietary data/assets that tie perception, control, and learning together for application-specific automation.",medium,"Muso Action has a plausible moat if it leverages its seed funding to recruit top robotics/AI engineers and builds proprietary datasets, simulation tools, and models tied to real-world robotic tasks. Those assets require time and specialized expertise to replicate. However, public information suggests the company is early-stage with no visible product or open-source traction; large incumbents (NVIDIA, Amazon, Boston Dynamics) and niche competitors (Covariant, Locus) have substantial technical resources, deployed products, and customer relationships. Without clear, demonstrable IP or customer deployments, the moat is not yet high — defensibility hinges on team hires, data accumulation, and execution."
MetaSilicon,http://www.mtsilicon.com/,"43,195,300",series_a,No,unclear,,,0,horizontal,,unknown,,0,low,unknown,0.00,0,0,2026-02-09T11:55:57.342603+00:00,,,,unknown,
RobotMeta,https://www.robotmeta.com/#/home-en,"14,385,384",series_b,No,unclear,,,0,horizontal,,unknown,,0,low,unknown,0.00,0,0,2026-02-09T11:56:58.939756+00:00,,,,unknown,
Zhishang Qingfan,,"1,152,904",unknown,No,unclear,,,0,horizontal,,unknown,,0,low,unknown,0.00,0,0,2026-02-09T11:58:56.203494+00:00,,,,unknown,
Gauss Quantitative,,"1,440,175",unknown,No,unclear,,,0,horizontal,,unknown,,0,low,unknown,0.00,0,0,2026-02-09T12:02:11.658508+00:00,,,,unknown,
Midas,https://trymidas.ai,"10,000,000",unknown,No,unclear,,,0,horizontal,ML model validation and data quality tooling,b2b,"No technical detail is provided — the 'content' is repeated branding ('Midas') with zero description of architecture, data, models, or pipelines. This absence is itself the most salient finding and prevents direct technical validation. | Funding ($10M) signals capability to build custom infra (fine-tuning, vector DBs, evaluation pipelines) but there is no evidence they have done so; the only observable 'asset' is brand repetition, not technical differentiation. | Potentially interesting technical routes that would be notable if present (but are not disclosed): building a high-signal discovery engine using proprietary entity linking + citation graphs to surface rare insights; coupling editorial workflows with model provenance tracking and automated claim verification.",6,medium,low,0.40,473,0,2026-02-09T12:05:54.101946+00:00,Deepchecks; Great Expectations; Weights & Biases (W&B); Pachyderm; Truera / Fiddler Labs; Snorkel AI; Robust Intelligence / Adversarial testing vendors,"Midas positions itself as an AI infrastructure provider that delivers mathematical verification of model correctness by directly analyzing and validating training data — a pre-training and pre-deployment formal verification layer rather than just monitoring, labeling or heuristic data tests.","A verification-oriented engine that ties training-data analysis to mathematical correctness claims about models — i.e., the ability to produce model correctness guarantees or proofs by inspecting training data rather than relying solely on empirical testing.",medium,"Midas's moat is medium: the niche of dataset-driven formal verification for ML is specialized and technically difficult, giving early movers an advantage. However, major MLOps, observability, and data-quality vendors could extend into verification as demand grows, and open-source toolkits or academic innovations could be adopted by competitors. Stronger defensibility would require proprietary algorithms, domain-specific validated proofs, enterprise integrations, and regulatory/customer lock-in."
Syntin,https://syntin.ai ,"840,000",seed,No,none,,,0,horizontal,real-time decision analytics / embedded analytics for business intelligence,b2b,"Direct evidence of a headless-browser-first scraping approach: the repeated 'browserless.io' free-plan limit message strongly implies Syntin is using browser-based rendering (Puppeteer/Playwright via browserless) rather than simple HTTP scraping. That choice is purposeful when sources require JS rendering, lazy-loading, or stealthy browsing. | Scale and parallelism inferred from rate-limit behavior: hitting the free plan repeatedly suggests either high-frequency monitoring of many sources, large-scale parallel page renders, or batch backfills — all of which point to an architecture designed for continuous, breadth-first ingestion rather than occasional manual collection. | Operational shortcut to avoid building crawl infra: using a hosted rendering service (browserless) at seed stage indicates they prioritized speed-to-data over owning infrastructure. This reduces time-to-product but introduces a single point of failure and recurring costs that will grow with scale.",8,medium,low,0.85,5473,0,2026-02-09T12:12:45.191065+00:00,Databricks; Snowflake (with Snowpark / Native Apps); Rockset; Palantir; ThoughtSpot; Anodot (and other real‑time anomaly/monitoring vendors); DataRobot / H2O.ai,"A focused product for real‑time intelligent data analysis that directly enables operational decision‑making and insight delivery, rather than a general purpose data platform or BI tool.","A combined capability to ingest streaming data, run low‑latency intelligent analysis/ML inference, and surface actionable decisioning insights in real time — packaging analysis + decision workflows into a single product aimed at operational decision makers.",medium,"The combination of streaming analytics + low‑latency ML inference + decisioning workflows can be a meaningful commercial moat if Syntin builds production‑grade reliability, optimized inference stack, and deep integrations with customers' operational systems. However, the underlying technologies are accessible to well‑funded incumbents and open‑source projects, so long‑term defensibility depends on execution: customer retention, data/network effects, and domain templates rather than on a proprietary algorithm alone."
FOTOhub,https://fotohub.pl,"500,000",pre_seed,No,unclear,,,0,horizontal,AI-driven multimodal content creation and production tooling for media/marketing workflows,b2b,"The provided material contains almost no technical detail—repetition of a single tagline—so the most concrete finding is absence: there is currently no disclosed architecture, model choice, data pipeline, or integration detail to analyze. | Product-level bundling: the name 'AI Studio, Cloud & Creator Tools' signals an ambition to combine three layers (model development/UI, hosted inference/storage, and creator-facing end‑user tooling). If implemented as a single integrated stack (not just three adjacent products), that full‑stack approach to the creator vertical is strategically different from single-focus players. | Potential emphasis on lightweight, creator-first fine-tuning UIs: 'AI Studio' implies low‑code model personalization for creators (adapter/LoRA-style fine-tuning, delta checkpoints, or prompt engineering templates). Packaging this as an end-user workflow is nontrivial and would be a distinctive UX/engineering challenge.",6,medium,low,0.58,1953,0,2026-02-09T12:17:49.934095+00:00,"Adobe (Creative Cloud + Firefly); Canva; Runway; Stability AI; OpenAI; Descript; Synthesia / Pictory / ElevenLabs (specialized media generators); Hugging Face / Replicate; Cloud GPU/Infra providers (Lambda Labs, Paperspace, AWS/GCP GPU services)","A unified, end-to-end ‘multimodal content factory’ that combines an AI studio (creator tools), developer APIs, and managed cloud GPU infrastructure to automate production of photo, text, video, audio and design assets.","An integrated platform that combines multimodal model orchestration, asset and template management, a creator studio UX, developer APIs and managed cloud GPU into a single production-oriented content factory.",low,"While the integrated, full-stack angle is attractive, the core technologies (multimodal models, GPU hosting, APIs and creator UX patterns) are available to large incumbents and open-source projects. FOTOhub's early-stage funding ($500k pre-seed) constrains rapid scale and defensibility. The strongest path to a durable moat would be accumulating proprietary datasets, exclusive enterprise integrations and a sticky asset/template marketplace — none of which are explicit in the provided content. Without clear proprietary models/data or strong network effects today, the moat is limited."
