Transaction Name,Transaction Name URL,Funding Type,Money Raised (in USD),Announced Date,Funding Stage,Organization Description,Organization Website,Number of Funding Rounds,Organization Industries,Organization Location,Lead Investors,analysis_uses_genai,analysis_genai_intensity,analysis_models_mentioned,analysis_build_patterns,analysis_market_type,analysis_sub_vertical,analysis_target_market,analysis_unique_findings,analysis_newsletter_potential,analysis_technical_depth,analysis_confidence_score,analysis_content_analyzed_chars,analysis_timestamp
Series E - xAI,https://www.crunchbase.com/funding_round/xai-series-e--57814e0e,Series E,20000000000,2026-01-06,Late Stage Venture,XAI is an artificial intelligence startup that develops AI solutions and tools to enhance reasoning and search capabilities.,https://x.ai,9,"Artificial Intelligence (AI), Foundational AI, Generative AI, Information Technology, Machine Learning","Palo Alto, California, United States, North America",,,,,,,,,,,,,,
Series C - Skild AI,https://www.crunchbase.com/funding_round/skild-ai-series-c--07950a49,Series C,1400000000,2026-01-14,Late Stage Venture,Skild AI develops artificial intelligence systems that enable robots to act in physical environments.,https://www.skild.ai,3,"Artificial Intelligence (AI), Information Technology, Robotics","Pittsburgh, Pennsylvania, United States, North America",SoftBank Group,,,,,,,,,,,,,
Debt Financing - HUMAIN,https://www.crunchbase.com/funding_round/humain-c7c3-debt-financing--da3ec449,Debt Financing,1200000000,2026-01-21,,HUMAIN is a global artificial intelligence company delivering full-stack AI capabilities,https://www.humain.ai/,2,"Artificial Intelligence (AI), Computer Vision, Data Mining, Facial Recognition, Image Recognition, Natural Language Processing, Predictive Analytics, Speech Recognition, Text Analytics, Virtual Assistant","Riyadh, Ar Riyad, Saudi Arabia, Asia",National Infrastructure Fund,,,,,,,,,,,,,
Private Equity Round - Playlist,https://www.crunchbase.com/funding_round/playlist-14e3-private-equity--ddd175b2,Private Equity,785000000,2026-01-15,Private Equity,Playlist is the parent company that operates various physical and mental fitness tech companies.,https://www.playlist.com,1,"Apps, Artificial Intelligence (AI), Fitness, SaaS, Wellness","San Luis Obispo, California, United States, North America",Affinity Partners,,,,,,,,,,,,,
Debt Financing - Domyn,https://www.crunchbase.com/funding_round/domyn-debt-financing--d86bcb32,Debt Financing,600000000,2026-01-01,,"Domyn offers an AI platform with LLMs and autonomous agents for long-document analysis, reasoning, and domain-specific applications.",https://www.domyn.com/,9,"Analytics, Artificial Intelligence (AI), Business Intelligence, Enterprise Software","Milan, Lombardia, Italy, Europe",,,,,,,,,,,,,,
Venture Round - Etched.ai,https://www.crunchbase.com/funding_round/etched-ai-series-unknown--34ccc1c2,Venture - Series Unknown,500000000,2026-01-14,,"Etched.ai is an AI chip startup that develops Sohu, a chip designed specifically for running transformer models.",https://www.etched.com,3,"AI Infrastructure, Artificial Intelligence (AI), Computer, Hardware, Semiconductor","Cupertino, California, United States, North America",Stripes,,,,,,,,,,,,,
Seed Round - humans&,https://www.crunchbase.com/funding_round/humans-36f3-seed--4310ba54,Seed,480000000,2026-01-20,Seed,humans& operates as a frontier artificial intelligence research and product lab focused on human-centered AI systems and interaction models.,https://humansand.ai,1,"AI Infrastructure, Artificial Intelligence (AI), Foundational AI, Generative AI, Information Technology, Machine Learning, Software","Redwood City, California, United States, North America","Georges Harik, SV Angel",,,,,,,,,,,,,
Series D - ClickHouse,https://www.crunchbase.com/funding_round/clickhouse-series-d--62e4ee67,Series D,400000000,2026-01-16,Late Stage Venture,ClickHouse provides an open-source database system for real-time analytical reporting.,https://clickhouse.com,7,"Analytics, Artificial Intelligence (AI), Big Data, Database, Software","Mountain View, California, United States, North America",Dragoneer Investment Group,,,,,,,,,,,,,
Series D - Parloa,https://www.crunchbase.com/funding_round/parloa-series-d--3b5b1d33,Series D,350000000,2026-01-15,Late Stage Venture,Parloa is an AI agent management platform that supports contact centers in automating and enhancing customer interactions.,https://parloa.com,5,"Artificial Intelligence (AI), Chatbot, Generative AI, SaaS, Software","Berlin, Berlin, Germany, Europe",General Catalyst,Yes,core,,Agentic Architectures; Guardrail-as-LLM; Continuous-learning Flywheels; Vertical Data Moats; RAG (Retrieval-Augmented Generation),horizontal,,b2b,"Parloa positions itself as an 'AI agent management platform' for enterprise customer service, emphasizing agentic AI and truly individualized, non-rule-based conversations. This suggests a move beyond traditional intent-based chatbots toward more autonomous, context-aware agents, likely leveraging large language models (LLMs) or similar architectures. | The platform claims to scale seamlessly to 'unlimited conversations' with consistent performance, hinting at a robust, possibly cloud-native or microservices-based backend designed for high concurrency and reliability. This level of scalability is non-trivial in voice and omnichannel AI, where latency and uptime are critical. | Parloa highlights a full agent lifecycle: design, test, scale, optimize, secure, and integrate. This end-to-end approach is more comprehensive than most point-solution chatbot vendors, suggesting significant engineering investment in tooling, monitoring, and continuous improvement pipelines.",high,high,0.95,202399,2026-01-22T20:26:26.654539+00:00
Debt Financing - Atome,https://www.crunchbase.com/funding_round/atome-debt-financing--a7cae44c,Debt Financing,345000000,2026-01-12,,"Atome is a fintech platform offering Buy Now, Pay Later services, enabling consumers to split payments into installments.",https://www.atome.sg,10,"Apps, Artificial Intelligence (AI), Brand Marketing, E-Commerce, Financial Services, FinTech, Mobile Payments, Payments","Singapore, Central Region, Singapore, Asia",,,,,,,,,,,,,,
Venture Round - Baseten,https://www.crunchbase.com/funding_round/baseten-series-unknown--cfb7ab38,Venture - Series Unknown,300000000,2026-01-20,,"Baseten is an AI infrastructure company that integrates machine learning into business operations, production, and processes.",https://www.baseten.co,7,"AI Infrastructure, Artificial Intelligence (AI), Developer Tools, Machine Learning, Software, Software Engineering","San Francisco, California, United States, North America","CapitalG, IVP",,,,,,,,,,,,,
Series D - OpenEvidence,https://www.crunchbase.com/funding_round/openevidence-series-d--9df809d5,Series D,250000000,2026-01-21,Late Stage Venture,OpenEvidence is a medical AI company that builds a search engine to support clinicians in making evidence-based decisions.,https://www.openevidence.com,6,"Artificial Intelligence (AI), Clinical Trials, Medical, SaaS, Search Engine","Cambridge, Massachusetts, United States, North America","DST Global, Thrive Capital",,,,,,,,,,,,,
Series B - Harmattan AI,https://www.crunchbase.com/funding_round/harmattan-ai-series-b--b63702f4,Series B,200000000,2026-01-12,Early Stage Venture,Harmattan AI is a technology company that develops AI-powered autonomous systems and software for military and defense applications.,https://www.harmattan.ai,3,"Artificial Intelligence (AI), Computer Vision, Military","Paris, Ile-de-France, France, Europe",Dassault Aviation,,,,,,,,,,,,,
Series A - Upscale AI,https://www.crunchbase.com/funding_round/upscale-ai-series-a--37a40447,Series A,200000000,2026-01-21,Early Stage Venture,Upscale AI redefines networking with purpose-built solutions for high-performance compute.,https://upscaleai.com,2,"Artificial Intelligence (AI), Information Technology, Network Security","Santa Clara, California, United States, North America","Premji Invest, Tiger Global Management, Xora Innovation",,,,,,,,,,,,,
Venture Round - Armadin Security,https://www.crunchbase.com/funding_round/armadin-series-unknown--b52d200b,Venture - Series Unknown,165199989,2026-01-13,,Armadin Security is an AI-powered cybersecurity company that specializes in real-time threat hunting.,,2,"Artificial Intelligence (AI), Cyber Security, Security","Menlo Park, California, United States, North America",,,,,,,,,,,,,,
Series A - LMArena,https://www.crunchbase.com/funding_round/lmarena-series-a--58c7f201,Series A,150000000,2026-01-06,Early Stage Venture,"LMArena is a web-based platform that evaluates large language models (LLMs) through anonymous, crowd-sourced pairwise comparisons.",https://lmarena.ai,2,"Artificial Intelligence (AI), Information Services, Machine Learning, Product Research","San Francisco, California, United States, North America","Felicis, UC Investments",,,,,,,,,,,,,
Series B - Haier New Energy,https://www.crunchbase.com/funding_round/haier-new-energy-series-b--1bdd77e4,Series B,143603883,2026-01-19,Early Stage Venture,"Haier New Energy expands green and low-carbon solutions under the background of the ""dual carbon"" goal.",https://cn.haier-energy.com/,2,"Artificial Intelligence (AI), Energy, Manufacturing","Qingdao, Fujian, China, Asia",,,,,,,,,,,,,,
Series A - X Square,https://www.crunchbase.com/funding_round/x-square-series-a--68a7b3e1,Series A,143408240,2026-01-12,Early Stage Venture,"X Square is a company aiming to create a universal brain-cerebellum system for robots, encompassing capabilities from perception to action.",http://www.x2robot.com,7,"Artificial Intelligence (AI), Robotic Process Automation (RPA), Robotics","Shenzhen, Guangdong, China, Asia",,,,,,,,,,,,,,
Series C - Deepgram,https://www.crunchbase.com/funding_round/deepgram-series-c--69109cc6,Series C,143168046,2026-01-13,Late Stage Venture,"Deepgram provides a voice artificial intelligence platform for speech-to-text, text-to-speech, and voice applications.",https://deepgram.com,9,"Artificial Intelligence (AI), Data Collection and Labeling, Developer APIs, Natural Language Processing, Speech Recognition","San Francisco, California, United States, North America",AVP,Yes,core,LLM orchestration; AI Language models,Agentic Architectures; Vertical Data Moats; Micro-model Meshes; Continuous-learning Flywheels; RAG (Retrieval-Augmented Generation),horizontal,,b2b,"Deepgram's unified Voice Agent API combines speech-to-text (STT), text-to-speech (TTS), and LLM orchestration in a single API endpoint. This is a notable departure from the industry norm, where these components are typically siloed and require manual integration, increasing latency and complexity. | The platform offers real-time and batch processing, both in cloud and self-hosted deployments. The self-hosted option is rare among voice AI providers, addressing data sovereignty and security concerns for enterprise clients. | Deepgram Saga is positioned as a 'Voice OS for developers', suggesting an operating system-like abstraction for voice AI applications. This is a novel architectural pattern, aiming to standardize and simplify voice AI development akin to what OSes did for hardware.",high,high,0.95,285285,2026-01-22T20:26:43.773961+00:00
Series D - Torq,https://www.crunchbase.com/funding_round/torq-technologies-series-d--737199d9,Series D,140000000,2026-01-11,Late Stage Venture,Torq is an AI-first no-code automation platform that unifies and automates workflows and processes across modern enterprise security.,https://torq.io,7,"Artificial Intelligence (AI), Cloud Security, Cyber Security, Software","Tel Aviv, Tel Aviv, Israel, Asia",Merlin Ventures,,,,,,,,,,,,,
Series B - Defense Unicorns,https://www.crunchbase.com/funding_round/defense-unicorns-series-b--03343f05,Series B,136000000,2026-01-13,Early Stage Venture,Defense Unicorns is a software startup that provides open-source software and AI capabilities for national security systems.,https://www.defenseunicorns.com,3,"Apps, Artificial Intelligence (AI), National Security, Software, Software Engineering","Colorado Springs, Colorado, United States, North America",Bain Capital Tech Opportunities,,,,,,,,,,,,,
Venture Round - Hadrian,https://www.crunchbase.com/funding_round/hadrian-caa2-series-unknown--f81b26c1,Venture - Series Unknown,131307594,2026-01-09,,"Hadrian builds AI-powered automated factories that manufacture precision parts for defense, aerospace, and space industries.",https://hadrian.co,7,"Aerospace, Artificial Intelligence (AI), Machinery Manufacturing, Manufacturing, Supply Chain Management","Hawthorne, California, United States, North America",T. Rowe Price,,,,,,,,,,,,,
Series C - Mytra,https://www.crunchbase.com/funding_round/mytra-series-c--36d413e5,Series C,120000000,2026-01-15,Late Stage Venture,Mytra is a robotics company developing software-defined warehouse robotics solutions to automate industrial tasks in logistics.,http://mytra.ai,4,"Artificial Intelligence (AI), Industrial Automation, Robotics, Supply Chain Management, Warehousing","South San Francisco, California, United States, North America",Avenir,,,,,,,,,,,,,
Series C - Zanskar,https://www.crunchbase.com/funding_round/zanskar-series-c--7de4f665,Series C,115000000,2026-01-21,Late Stage Venture,Zanskar develops data-driven technology to identify and develop geothermal energy resources.,https://zanskar.com,4,"Analytics, Artificial Intelligence (AI), Geothermal Energy, GreenTech, Information Technology, Predictive Analytics, Renewable Energy","Salt Lake City, Utah, United States, North America",Spring Lane Capital,,,,,,,,,,,,,
Series A - Neurophos,https://www.crunchbase.com/funding_round/neurophos-series-a--72825b78,Series A,110000000,2026-01-22,Early Stage Venture,Photonic ExaOPS AI chips,https://www.neurophos.com/,5,"Artificial Intelligence (AI), Data Center, Hardware","Austin, Texas, United States, North America",Gates Frontier Fund,,,,,,,,,,,,,
Series A - Corgi Insurance,https://www.crunchbase.com/funding_round/corgi-80d7-series-a--d35698df,Series A,108000000,2026-01-08,Early Stage Venture,Corgi is the first AI Insurance and Financial Infrastructure Company.,https://www.corgi.insure/,3,"Artificial Intelligence (AI), Insurance, InsurTech","San Francisco, California, United States, North America",Alumni Ventures,,,,,,,,,,,,,
Venture Round - Lyte AI,https://www.crunchbase.com/funding_round/lyte-ai-series-unknown--2cb44adc,Venture - Series Unknown,107000000,2026-01-05,,"Lyte AI offers a low-code fintech platform that enables companies to build, launch, and scale digital banking and compliance tools.",https://www.lyte.ai,1,"Artificial Intelligence (AI), Compliance, FinTech, Quantum Computing, Real Time, Robotics","Mountain View, California, United States, North America",Avigdor Willenz,,,,,,,,,,,,,
Series C - osapiens,https://www.crunchbase.com/funding_round/osapiens-series-c--79cdb57e,Series C,100000000,2026-01-14,Late Stage Venture,Osapiens is a technology company that provides digital systems and software solutions to automate and optimize operational workflows.,https://www.osapiens.com,3,"Artificial Intelligence (AI), Compliance, SaaS, Supply Chain Management","Mannheim, Baden-Wurttemberg, Germany, Europe",Decarbonization Partners,,,,,,,,,,,,,
Seed Round - Proxima,https://www.crunchbase.com/funding_round/vantai-seed--582859ed,Seed,86264999,2026-01-13,Seed,Proxima Bio develops programmable medicines that modulate protein interactions to address disease processes.,https://proximabio.com,1,"Alternative Medicine, Artificial Intelligence (AI), Biotechnology, Clinical Trials, Life Science, Machine Learning","New York, New York, United States, North America",DCVC,,,,,,,,,,,,,
Series A - Mendra,https://www.crunchbase.com/funding_round/mendra-series-a--218f704a,Series A,82000000,2026-01-21,Early Stage Venture,Mendra uses AI to accelerate clinical development and commercialization of breakthrough medicines for diseases with high unmet need.,https://www.mendra.com/,1,"Artificial Intelligence (AI), Biopharma, Medical","San Francisco, California, United States, North America","8VC, OrbiMed",,,,,,,,,,,,,
Series A - Higgsfield,https://www.crunchbase.com/funding_round/higgsfield-series-a--6bc335bf,Series A,80000000,2026-01-15,Early Stage Venture,Higgsfield is a video AI firm committed to democratizing social media content creation for everyone.,https://higgsfield.ai,3,"Artificial Intelligence (AI), Video Editing","San Francisco, California, United States, North America",,,,,,,,,,,,,,
Series B - Apella Technology,https://www.crunchbase.com/funding_round/apella-technology-series-b--0bd3e46c,Series B,80000000,2026-01-07,Early Stage Venture,Apella Technology is an AI startup that brings modern engineering to improve surgery.,https://apella.io,5,"Artificial Intelligence (AI), Health Care, Machine Learning, Medical, Sensor, Software, Wellness","Oakland, California, United States, North America",HighlandX,,,,,,,,,,,,,
Venture Round - Uni-Ubi,https://www.crunchbase.com/funding_round/uni-ubi-series-unknown--16d6aff8,Venture - Series Unknown,73698425,2026-01-20,,Uni-Ubi is an AI and IoT solutions provider for smart cities.,http://www.uni-ubi.com/,7,"Artificial Intelligence (AI), Robotics","Hangzhou, Zhejiang, China, Asia","Crewstone International, Shanhai Industrial Group",,,,,,,,,,,,,
Series B - Emergent,https://www.crunchbase.com/funding_round/emergent-02ef-series-b--f58fdbc3,Series B,70000000,2026-01-20,Early Stage Venture,Emergent is an AI-powered software creation platform that enables users to build full-stack web and mobile applications.,https://app.emergent.sh,4,"Artificial Intelligence (AI), Developer Platform, Software","Pleasanton, California, United States, North America","Khosla Ventures, SoftBank Vision Fund",,,,,,,,,,,,,
Series B - Listen Labs,https://www.crunchbase.com/funding_round/listen-labs-series-b--767ffe34,Series B,69000000,2026-01-14,Early Stage Venture,Listen Labs is an AI-first customer research platform that automates customer interviews and delivers actionable insights.,https://www.listenlabs.ai,4,"Analytics, Artificial Intelligence (AI), Generative AI, Market Research, Software","San Francisco, California, United States, North America",Ribbit Capital,Yes,core,,Continuous-learning Flywheels; Agentic Architectures; Vertical Data Moats,horizontal,,b2b,"Listen Labs appears to automate the entire qualitative research pipeline: from participant recruitment to in-depth interviewing to instant insight delivery. This is an end-to-end AI-driven user research workflow, which is rare compared to most tools that only automate one segment (e.g., transcription or survey analysis). | The repetition of brand sentiment images and user insight prompts suggests a dynamic, possibly real-time feedback loop or A/B testing mechanism embedded in the product, potentially allowing for rapid iteration and learning from user perception at scale. | Heavy use of SVG and Framer-based assets hints at a modern, design-system-driven frontend, possibly enabling rapid UI/UX changes and high-fidelity prototyping directly tied to product experimentation.",high,medium,0.80,134837,2026-01-22T20:27:04.210124+00:00
Series B - Orbem,https://www.crunchbase.com/funding_round/orbem-ff8b-series-b--8332c82b,Series B,64649976,2026-01-20,Early Stage Venture,Orbem provides AI-powered imaging and analytics solutions to deliver non-invasive biological insights.,https://orbem.ai,6,"Artificial Intelligence (AI), Biotechnology, Information Technology, Sensor","Munich, Bayern, Germany, Europe",Innovation Industries,,,,,,,,,,,,,
Venture Round - Vibrant,https://www.crunchbase.com/funding_round/vibrant-87a3-series-unknown--b2193773,Venture - Series Unknown,61000000,2026-01-12,,Vibrant develops an AI drug development platform to focus on building immune system-related drug pipelines.,https://www.vibrantx.com/,4,"Artificial Intelligence (AI), Health Care, Information Technology","Guangzhou, Guangdong, China, Asia","Apricot Capital, Pfizer Venture Investments",,,,,,,,,,,,,
Series B - Hydrosat,https://www.crunchbase.com/funding_round/hydrosat-series-b--10e90967,Series B,60000000,2026-01-15,Early Stage Venture,"Hydrosat leverages thermal satellite intelligence and AI to address critical global challenges in food, security, and natural resources",https://www.hydrosat.com,11,"Aerospace, AgTech, Analytics, Artificial Intelligence (AI), Big Data, Geospatial, Information Services, Machine Learning","Washington, District of Columbia, United States, North America","Hartree Partners, Space4Earth, Subutai Capital Partners, Truffle Capital",,,,,,,,,,,,,
Venture Round - WitnessAI,https://www.crunchbase.com/funding_round/witnessai-series-unknown--44ccc4ce,Venture - Series Unknown,58000000,2026-01-13,,"WitnessAI is building the guardrails that make AI safe, productive, and usable.",https://witness.ai,3,"Artificial Intelligence (AI), Enterprise Software, Network Security","Mountain View, California, United States, North America",Sound Ventures,Yes,core,,Guardrail-as-LLM; Agentic Architectures; Vertical Data Moats,horizontal,,b2b,"WitnessAI positions itself as a 'confidence layer' for enterprise AI, aiming to provide security, observability, and control across the full spectrum of AI technologies (traditional ML, generative AI, intelligent agents). This broad, unified approach is less common compared to point solutions targeting only LLMs or specific AI risks. | The platform's modular architecture—Observe, Control, Protect, Attack—suggests a layered, possibly plug-and-play security stack for AI, reminiscent of classic network security platforms but adapted for AI/ML pipelines. This is a novel adaptation of security paradigms to the AI domain. | The leadership and board include deep expertise from the intersection of cybersecurity and large-scale enterprise software (ex-NSA, ex-Palo Alto Networks, ex-Google, ex-AlienVault, etc.), indicating an intent to build for highly regulated, security-conscious markets where technical rigor and compliance are paramount.",high,medium,0.85,356802,2026-01-22T20:27:24.587087+00:00
Series B - Ivo,https://www.crunchbase.com/funding_round/latch-2f35-series-b--1c83d7b3,Series B,55000000,2026-01-20,Early Stage Venture,Ivo is an AI-powered contract intelligence platform helping enterprise legal teams streamline contract review and negotiation processes.,https://www.ivo.ai,4,"Artificial Intelligence (AI), Legal, Legal Tech","San Francisco, California, United States, North America",Blackbird Ventures,,,,,,,,,,,,,
Venture Round - Prime Intellect,https://www.crunchbase.com/funding_round/prime-intellect-series-unknown--395d4584,Venture - Series Unknown,49940585,2026-01-15,,Prime Intellect is a full-stack platform that offers agentic training infrastructure for organizations to train frontier AI using LLMs.,https://www.primeintellect.ai/,3,"Agentic AI, Artificial Intelligence (AI), Cloud Computing, Machine Learning","San Francisco, California, United States, North America",,,,,,,,,,,,,,
Series A - Baiyang Intelligent,https://www.crunchbase.com/funding_round/baiyang-intelligent-series-a--833bc806,Series A,42962708,2026-01-06,Early Stage Venture,"Baiyang Intelligent specializes in embodied intelligence for the defense, aerospace, and related industries.",https://www.baiyangai.com/,1,"Aerospace, Artificial Intelligence (AI), Electronics","Beijing, Beijing, China, Asia",,,,,,,,,,,,,,
Venture Round - Natural Selection,https://www.crunchbase.com/funding_round/natural-selection-5854-series-unknown--d3f4b3a0,Venture - Series Unknown,42000000,2026-01-20,,Natural Selection is a technology startup that focuses on AI-powered intelligent companions.,,1,Artificial Intelligence (AI),,"Alibaba Group, Ant Group",,,,,,,,,,,,,
Series B - Articul8,https://www.crunchbase.com/funding_round/articul8-30ee-series-b--4907bd39,Series B,35000000,2026-01-07,Early Stage Venture,"Articul8 AI is an enterprise-generative AI platform that helps organizations build, deploy, and manage AI applications.",https://www.articul8.ai,3,"Artificial Intelligence (AI), Enterprise Software, Generative AI, Software","Palo Alto, California, United States, North America",Adara Ventures,Yes,core,,Micro-model Meshes; Agentic Architectures; Vertical Data Moats,horizontal,,b2b,"Articul8 claims to have built a GenAI platform from the ground up specifically for complex, regulated industries and messy real-world data, which is a departure from the generic, one-size-fits-all AI platforms commonly seen. | The mention of 'domain-specific models, autonomous agents, and ModelMesh® autonomous agentic reasoning engine' suggests a modular, agentic architecture that prioritizes explainability and reliability—this is more advanced than typical monolithic LLM deployments. | The ModelMesh® autonomous agentic reasoning engine hints at a proprietary orchestration layer for managing multiple specialized models and agents. This could be a technical differentiator if it enables dynamic model selection, chaining, or reasoning across agents.",medium,high,0.95,155965,2026-01-22T20:27:43.063797+00:00
Series A - Linker Vision,https://www.crunchbase.com/funding_round/linker-vision-series-a--662959e1,Series A,35000000,2026-01-05,Early Stage Venture,"Linker Vision is an IT company that expertise in AI, machine learning and offers distributed training, and wokrplace safety.",https://linkervision.com,2,"Artificial Intelligence (AI), Machine Learning, Software","Taipei, T'ai-pei, Taiwan, Asia",ABICO Group,,,,,,,,,,,,,
Series A - Deep Intelligence Technology,https://www.crunchbase.com/funding_round/deep-intelligence-technology-series-a--a5e8e774,Series A,31000000,2026-01-14,Early Stage Venture,Deep Intelligence Technology is an AI system developer that offers SAAS-based services to small and medium-sized businesses.,http://www.fuzhi.ai,2,"Artificial Intelligence (AI), Information Technology, SaaS","Xiamen, Fujian, China, Asia",Cathay Capital,,,,,,,,,,,,,
Series A - Optalysys,https://www.crunchbase.com/funding_round/optalysys-ltd-series-a--1022b09c,Series A,30881727,2026-01-22,Early Stage Venture,Optalysys solves the fundamental limitations of conventional computing.,http://www.optalysys.com,5,"Artificial Intelligence (AI), Big Data, Computer, Hardware, Machine Learning, Software","Leeds, Leeds, United Kingdom, Europe",Northern Gritstone,,,,,,,,,,,,,
Series A - Protege,https://www.crunchbase.com/funding_round/protege-7b9e-series-a--3cc656d6,Series A,30000000,2026-01-07,Early Stage Venture,Protege is the AI training data platform enabling seamless and compliant data exchange.,https://www.withprotege.ai,3,"Analytics, Artificial Intelligence (AI), Data Management","New City, New York, United States, North America",Andreessen Horowitz,,,,,,,,,,,,,
Series B - GovDash,https://www.crunchbase.com/funding_round/realize-6f6f-series-b--a2f97de2,Series B,30000000,2026-01-15,Early Stage Venture,"GovDash is a technology company that provides a data platform to track, visualize, and benchmark government and public policy metrics.",https://govdash.com,3,"Artificial Intelligence (AI), Government, Information Technology, Procurement","San Francisco, California, United States, North America","BCI, Mucker Capital",,,,,,,,,,,,,
Debt Financing - Hugo Technologies,https://www.crunchbase.com/funding_round/hugo-technologies-fce5-debt-financing--a01ef762,Debt Financing,30000000,2026-01-08,,"Hugo Technologies offers outsourcing for customer support, e-commerce management, fraud prevention, and AI data processing.",https://www.hugoinc.com,1,"Artificial Intelligence (AI), Business Development, Data Management, Facilities Support Services, Technical Support","Chicago, Illinois, United States, North America",Chicago Atlantic Group,,,,,,,,,,,,,
Debt Financing - Jeel Pay,https://www.crunchbase.com/funding_round/jeel-pay-debt-financing--a7098dee,Debt Financing,29997000,2026-01-14,,Jeel Pay is a fintech company developing payment and collection solutions for educational institutions.,https://jeel.co,2,"Apps, Artificial Intelligence (AI), Data Mining, FinTech, Machine Learning, Payments","Riyadh, Ar Riyad, Saudi Arabia, Asia",Jadwa Investments,,,,,,,,,,,,,
Series B - Vista.ai,https://www.crunchbase.com/funding_round/vista-ai-series-b--d622d8dc,Series B,29500000,2026-01-14,Early Stage Venture,Vista.ai is an artificial intelligence that offers clinicians to conduct MRI studies.,https://vista.ai,2,"Artificial Intelligence (AI), Health Care, Medical Device","Palo Alto, California, United States, North America","Cedars-Sinai Health Ventures, Fox Chase Cancer Center, Intermountain Ventures, Tampa General Hospital, University of Utah Health",,,,,,,,,,,,,
Series B - Unbox Robotics,https://www.crunchbase.com/funding_round/unboxrobotics-labs-series-b--c1d08672,Series B,28000000,2026-01-20,Early Stage Venture,Unbox Robotics builds on-demand AI-driven warehouse robotics solutions to automate and improve logistics operations.,https://unboxrobotics.com,10,"Artificial Intelligence (AI), Industrial Automation, Intelligent Systems, Logistics, Machine Learning, Robotics, Supply Chain Management, Warehouse Automation","Bangalore, Karnataka, India, Asia","ICICI Venture, Redstart Labs",,,,,,,,,,,,,
Venture Round - Blackbird.AI,https://www.crunchbase.com/funding_round/socialtrendly-inc-series-unknown--ebce90ff,Venture - Series Unknown,28000000,2026-01-07,,Blackbird.AI develops narrative and risk intelligence tools for detecting emerging dangers and staying ahead of real-world harm.,http://www.blackbird.ai,7,"Artificial Intelligence (AI), Enterprise Software, Intrusion Detection, Machine Learning, Security","Rochester, New York, United States, North America","Dorilton Ventures, Ten Eleven Ventures",,,,,,,,,,,,,
Series A - Converge Bio,https://www.crunchbase.com/funding_round/converge-bio-series-a--f280ccd9,Series A,25000000,2026-01-13,Early Stage Venture,Converge Bio integrates Generative AI with biological data.,https://converge-bio.com/,3,"Artificial Intelligence (AI), Biotechnology, Medical","Wilmington, Delaware, United States, North America",Bessemer Venture Partners,,,,,,,,,,,,,
Venture Round - Fractile,https://www.crunchbase.com/funding_round/fractile-dd0e-series-unknown--50670b8d,Venture - Series Unknown,22500000,2026-01-15,,Fractile is building chips that remove every bottleneck to running large language models at a global scale,https://www.fractile.ai/,4,"AI Infrastructure, Artificial Intelligence (AI), Hardware, Semiconductor","London, England, United Kingdom, Europe",NATO Innovation Fund,,,,,,,,,,,,,
Series A - Tucuvi,https://www.crunchbase.com/funding_round/tucuvi-series-a--9aa2cb47,Series A,20000000,2026-01-08,Early Stage Venture,Tucuvi is pioneering AI-first healthcare with its CE-marked platform for Phone Consultation automation.,https://tucuvi.com,6,"Artificial Intelligence (AI), Health Care, Medical Device, Natural Language Processing, Social Entrepreneurship, Virtual Assistant","Madrid, Madrid, Spain, Europe","Cathay Innovation, K Fund",,,,,,,,,,,,,
Series A - Looki,https://www.crunchbase.com/funding_round/looki-series-a--991ad7a8,Series A,20000000,2026-01-05,Early Stage Venture,"Looki is building the next generation of human-centric ai platforms - emotionally aware, and deeply embedded in the physical world.",https://www.looki.ai/,4,Artificial Intelligence (AI),"Toronto, Ontario, Canada, North America",Ant Group,,,,,,,,,,,,,
Series A - Prudentia Sciences,https://www.crunchbase.com/funding_round/prudentia-sciences-series-a--ceaefa59,Series A,20000000,2026-01-07,Early Stage Venture,Prudentia Sciences is a platform enables AI-powered Asset Diligence and Valuation to De-Risk Investment in Drug Development.,https://www.prudentiasciences.com/,2,"Artificial Intelligence (AI), Information Technology, Life Science","Cambridge, Massachusetts, United States, North America",McKesson Ventures,,,,,,,,,,,,,
Series A - Flip CX,https://www.crunchbase.com/funding_round/redroute-series-a--cf522d11,Series A,20000000,2026-01-13,Early Stage Venture,"Flip your CX with best in class Voice AI for retail eCommerce, transportation, and healthcare brands.",https://flipcx.com,5,"Artificial Intelligence (AI), Customer Service, E-Commerce Platforms, SaaS, Software","New York, New York, United States, North America","Next Coast Ventures, Ridge Ventures",,,,,,,,,,,,,
Private Equity Round - Interos,https://www.crunchbase.com/funding_round/interos-private-equity--f227332e,Private Equity,20000000,2026-01-06,Private Equity,"Interos provides continuous visibility, analysis, and monitoring of extended supply chains to identify and manage risk factors.",http://www.interos.ai,9,"Artificial Intelligence (AI), Cyber Security, Machine Learning, Risk Management, SaaS, Supply Chain Management","Arlington, Virginia, United States, North America","Blue Owl, Structural Capital",,,,,,,,,,,,,
Series A - Liquidnitro Games,https://www.crunchbase.com/funding_round/liquidnitro-games-series-a--26b2bff9,Series A,19100000,2026-01-13,Early Stage Venture,Liquidnitro Games is a game development company that creates interactive video games and entertainment experiences for digital platforms.,https://liquidnitro.games,2,"Artificial Intelligence (AI), Gaming, Online Games, Video Games","Hyderabad, Telangana, India, Asia",Northpoint Capital,,,,,,,,,,,,,
Series A - XBuild,https://www.crunchbase.com/funding_round/xbuild-series-a--4027b4c2,Series A,19000000,2026-01-20,Early Stage Venture,"XBuild offers an AI-powered platform for construction tasks like estimation, supplementation, and instant financing.",https://www.x.build,2,"Artificial Intelligence (AI), Mobile Apps, Software","San Francisco, California, United States, North America",N47,,,,,,,,,,,,,
Series A - Cambio,https://www.crunchbase.com/funding_round/cambio-0fb5-series-a--9e15935a,Series A,18000000,2026-01-22,Early Stage Venture,Cambio is the AI-native commercial real estate operations platform,https://www.cambio.ai,5,"Agentic AI, Real Estate, Software","New York, New York, United States, North America",Maverick Ventures,,,,,,,,,,,,,
Seed Round - OTTO SPORT AI,https://www.crunchbase.com/funding_round/otto-sport-ai-seed--40e4399c,Seed,16500000,2026-01-15,Seed,OTTO SPORT AI is an AI-driven intelligent operating system developed for youth sports groups.,https://www.ottosport.ai,1,"Artificial Intelligence (AI), Sports","Minneapolis, Minnesota, United States, North America","Mamba Growth, Rally Ventures",,,,,,,,,,,,,
Pre Seed Round - Autonomous Technologies Group,https://www.crunchbase.com/funding_round/autonomous-technologies-group-pre-seed--a3e66205,Pre-Seed,15000000,2026-01-07,Seed,Autonomous is an AI-powered fintech company that helps users manage investments and financial decisions independently.,https://becomeautonomous.xyz/,1,"Advice, Artificial Intelligence (AI), Finance","New York, New York, United States, North America","BoxGroup, Y Combinator",,,,,,,,,,,,,
Series A - Cosmos,https://www.crunchbase.com/funding_round/cosmos-7570-series-a--a5f96e68,Series A,15000000,2026-01-20,Early Stage Venture,Cosmos is a Pinterest alternative for creatives.,https://cosmos.so,3,"Artificial Intelligence (AI), Content, Mobile Apps, Software","New York, New York, United States, North America","Matrix, Shine Capital",,,,,,,,,,,,,
Series A - Spangle,https://www.crunchbase.com/funding_round/spangle-1d9d-series-a--637db193,Series A,15000000,2026-01-08,Early Stage Venture,Building the AI-Native Commerce Platform,https://www.spangle.ai/,2,"Artificial Intelligence (AI), Digital Marketing, E-Commerce, Retail","Bellevue, Washington, United States, North America",NewRoad Capital Partners,,,,,,,,,,,,,
Angel Round - PowerEasy Technology,https://www.crunchbase.com/funding_round/powereasy-technology-angel--98599d13,Angel,14360388,2026-01-19,Seed,PowerEasy Technology focus on the research and development of intelligent robots and the sales of industrial robots.,https://www.phybot.tech/,3,"Artificial Intelligence (AI), Robotics, Software","Haidian, Beijing, China, Asia",,,,,,,,,,,,,,
Angel Round - Manifold AI,https://www.crunchbase.com/funding_round/manifold-ai-angel--67b94a16,Angel,14340824,2026-01-12,Seed,Manifold AI is an artificial intelligence company that provides development of embodied intelligent world models.,https://manifoldai.cn,3,"Artificial Intelligence (AI), Robotics","Chaoyang, Liaoning, China, Asia","Huawei Hubble, Legend Capital, Plum Ventures",,,,,,,,,,,,,
Seed Round - Memsilicon,https://www.crunchbase.com/funding_round/memsilicon-seed--50520c90,Seed,14322133,2026-01-05,Seed,Memsilicon specializes in research and development solutions for RRAM storage and AI computing technologies.,,2,"Artificial Intelligence (AI), Data Storage, Information Technology","Beijing, Beijing, China, Asia","CDB Technology Venture Capital, Legend Capital, Lenovo Capital and Incubator Group (LCIG), SDIC Venture Capital",,,,,,,,,,,,,
Series B - Ninetech,https://www.crunchbase.com/funding_round/ninetech-9abe-series-b--ac2f91e5,Series B,14322133,2026-01-05,Early Stage Venture,Ninetech provides digital transformation and upgrading solutions for large state-owned enterprises and central enterprises.,http://www.ninetechone.com/,5,"Apps, Artificial Intelligence (AI), Big Data","Shenzhen, Guangdong, China, Asia",Shenzhen Special Economic Zone Construction and Development Strategic Emerging Fund,,,,,,,,,,,,,
Seed Round - Keyi Technology,https://www.crunchbase.com/funding_round/keyi-technology-seed--a7599a4c,Seed,14320903,2026-01-06,Seed,Keyi Technology is an innovative company engaged in the research and development and production of interactive robots.,https://keyirobot.com.cn/,1,"Artificial Intelligence (AI), Machine Learning, Robotics","Haidian, Beijing, China, Asia","Wuzhong Financial Holdings Group, Yuanhe Taihu Bay",,,,,,,,,,,,,
Seed Round - Stareep Smart Sleep,https://www.crunchbase.com/funding_round/stareep-smart-sleep-seed--91708d11,Seed,14298174,2026-01-04,Seed,Stareep Smart Sleep develops AI‑driven smart beds with an intelligence system to monitor and adjust sleep throughout the full sleep cycle.,https://stareep.net,2,"Artificial Intelligence (AI), Furniture, Sensor","Shenzhen, Guangdong, China, Asia",,,,,,,,,,,,,,
Corporate Round - AIsphere,https://www.crunchbase.com/funding_round/aisphere-corporate-round--2b720f37,Corporate Round,14200000,2026-01-19,,AIsphere focuses on visual multimodal large models and empowering content producers in many sectors and scenarios with AIGC technology.,https://aisphere.tech,8,"Artificial Intelligence (AI), Computer Vision, Service Industry","Beijing, Beijing, China, Asia",HengTen Networks Group,,,,,,,,,,,,,
Series A - Klearly,https://www.crunchbase.com/funding_round/klearly-series-a--fc406acf,Series A,14000000,2026-01-13,Early Stage Venture,"Klearly powers B2B revenue teams with the visibility and confidence to know where, when, and how to grow revenue.",https://klearly.com,5,"Computer, Machine Learning, Marketing, SaaS, Sales, Software","Raleigh, North Carolina, United States, North America",PayPal Ventures,,,,,,,,,,,,,
Series D - Omniscient Neurotechnology,https://www.crunchbase.com/funding_round/omniscient-neurotechnology-series-d--7c61d0b6,Series D,13366000,2026-01-16,Late Stage Venture,"Omniscient develops AI and data-driven solutions to improve treatment for brain disorders, providing predictive analytics for clinicians.",https://www.o8t.com/,4,"Artificial Intelligence (AI), Bioinformatics, Health Care, Machine Learning, Medical Device, Neuroscience","Sydney, New South Wales, Australia, Oceania","National Reconstruction Fund Corporation, OIF Ventures",,,,,,,,,,,,,
Seed Round - Level3 AI,https://www.crunchbase.com/funding_round/level3-ai-seed--237f17da,Seed,13000000,2026-01-22,Seed,LV3.ai builds intelligent AI agents that automate customer support and business workflows across channels and languages.,https://www.lv3.ai/,1,"Artificial Intelligence (AI), IT Management, Sales Automation",,Lightspeed Venture Partners,,,,,,,,,,,,,
Series A - Elyos AI,https://www.crunchbase.com/funding_round/elyos-energy-series-a--68795a5a,Series A,12904801,2026-01-19,Early Stage Venture,"Elyos AI provides autonomous AI agents for trades and field services, automating communications, booking, dispatch, and follow-ups.",https://www.elyos.ai,3,"Artificial Intelligence (AI), CRM, Customer Service, Generative AI, Software","London, England, United Kingdom, Europe",Blackbird Ventures,,,,,,,,,,,,,
Series A - WeatherPromise,https://www.crunchbase.com/funding_round/weatherpromise-series-a--f72829ab,Series A,12800000,2026-01-13,Early Stage Venture,WeatherPromise guarantees great weather through embedded protection delivered during the purchase of travel or other outdoor activities.,https://weatherpromise.com,1,"InsurTech, Outdoors, Predictive Analytics, Travel","Morristown, New Jersey, United States, North America",Maveron,,,,,,,,,,,,,
Series A - SkyFi®,https://www.crunchbase.com/funding_round/skyfi-87a0-series-a--ed17f74c,Series A,12700000,2026-01-14,Early Stage Venture,SkyFi® is an earth intelligence platform that provides satellite imagery and analytics to help interpret and analyze planetary data.,https://www.skyfi.com,5,"Aerospace, Apps, Artificial Intelligence (AI), Geospatial, Software","Austin, Texas, United States, North America","Buoyant Ventures, IronGate Capital Advisors",,,,,,,,,,,,,
Pre Seed Round - GeneralMind,https://www.crunchbase.com/funding_round/generalmind-pre-seed--43a4f1ad,Pre-Seed,12000000,2026-01-20,Seed,GeneralMind is an AI company that reduces repetitive supply-chain operations by automating manual steps in email and excel.,https://www.generalmind.com,1,"Artificial Intelligence (AI), Software","Berlin, Berlin, Germany, Europe","BOOOM, Heliad AG, Lakestar, Leo Capital, Lucid Capital",,,,,,,,,,,,,
Seed Round - Terra Industries,https://www.crunchbase.com/funding_round/terrahaptix-seed--1d10e5ef,Seed,11750000,2026-01-12,Seed,Terra Industries develops autonomous security systems and software platforms that support the monitoring and protection of physical assets.,https://www.terraindustries.co,2,"Artificial Intelligence (AI), Big Data, Cyber Security, Drones, National Security","Abuja, Federal Capital Territory, Nigeria, Africa",8VC,,,,,,,,,,,,,
Series A - Sinpex,https://www.crunchbase.com/funding_round/sinpex-series-a--f4ba9418,Series A,11625947,2026-01-19,Early Stage Venture,Sinpex offers an AI-driven platform for automating KYC and KYB compliance checks.,https://www.sinpex.de,3,"Analytics, Artificial Intelligence (AI), Compliance, Data Collection and Labeling, Document Management, Finance, Information Technology, Software","Munich, Bayern, Germany, Europe",BlackFin Capital Partners,,,,,,,,,,,,,
Series A - Signet Therapeutics,https://www.crunchbase.com/funding_round/signet-therapeutics-bee2-series-a--4c2c94a9,Series A,11464603,2026-01-14,Early Stage Venture,Signet Therapeutics is a cutting-edge firm that conducts research and development on cancer-targeted drugs.,http://signettx.com,6,"Artificial Intelligence (AI), Biotechnology, Therapeutics","Shenzhen, Guangdong, China, Asia",,,,,,,,,,,,,,
Venture Round - LinearB,https://www.crunchbase.com/funding_round/linear-b-series-unknown--f0763c60,Venture - Series Unknown,11305855,2026-01-20,,LinearB's Software Engineering Intelligence (SEI) platform translates insights from engineering data into powerful workflow automations.,https://linearb.io,5,"Analytics, Information Technology, Machine Learning, Software","Santa Monica, California, United States, North America",,,,,,,,,,,,,,
Series A - RISA Labs,https://www.crunchbase.com/funding_round/risa-labs-ai-series-a--61e37e2f,Series A,11100000,2026-01-13,Early Stage Venture,"Oncology first, AI Transformation Lab. Pioneers of BOSS [Business (Operating System) as Service]. We serve mission critical institutions.",https://www.risalabs.ai,2,"Artificial Intelligence (AI), Enterprise Software","Palo Alto, California, United States, North America","Cencora Ventures, Optum Ventures",,,,,,,,,,,,,
Seed Round - Haiqu,https://www.crunchbase.com/funding_round/haiqu-seed--be21c371,Seed,11000000,2026-01-13,Seed,Haiqu is a quantum computing software firm focusing on the development.,https://www.haiqu.ai,5,"Artificial Intelligence (AI), Hardware","Stanford, California, United States, North America",Primary Venture Partners,,,,,,,,,,,,,
Seed Round - Sandstone,https://www.crunchbase.com/funding_round/sandstone-0a07-seed--f11ee9ee,Seed,10000000,2026-01-13,Seed,Sandstone is the platform for AI-native legal departments.,https://www.sandstone.com/,1,"Artificial Intelligence (AI), Legal, Software","Cape Town, NA - South Africa, South Africa, Africa",Sequoia Capital,,,,,,,,,,,,,
Venture Round - Presto,https://www.crunchbase.com/funding_round/presto-series-unknown--c993ecae,Venture - Series Unknown,10000000,2026-01-06,,Presto is a software company that provides AI and automation solutions to the restaurant industry.,https://presto.com,13,"Artificial Intelligence (AI), Enterprise Software, Food and Beverage, Restaurants, SaaS, Software","Redwood City, California, United States, North America",Metropolitan Partners,,,,,,,,,,,,,
Seed Round - furl,https://www.crunchbase.com/funding_round/furl-6d15-seed--9ddb417d,Seed,10000000,2026-01-21,Seed,The world's first AI-powered collaborative experience designer,https://furl.ai,1,"Artificial Intelligence (AI), Data Integration, SaaS, Software",,Ten Eleven Ventures,,,,,,,,,,,,,
Series A - Chata.ai,https://www.crunchbase.com/funding_round/chata-ai-series-a--3235963d,Series A,10000000,2026-01-21,Early Stage Venture,"Chata.ai empowers businesses with proactive alerts and natural language analysis, delivering real-time insights for better decisions.",https://chata.ai/,5,"Analytics, Artificial Intelligence (AI), Business Intelligence, Information Technology, Machine Learning, Natural Language Processing, SaaS, Software","Calgary, Alberta, Canada, North America","7RIDGE, Izou Partners",,,,,,,,,,,,,
Series A - Cloudforce,https://www.crunchbase.com/funding_round/cloudforce-2a87-series-a--e3a4b4d4,Series A,10000000,2026-01-09,Early Stage Venture,"Cloudforce designs cloud and AI solutions supporting organizations in building, migrating, and maintaining systems on the Microsoft Cloud.",https://www.gocloudforce.com,1,"Artificial Intelligence (AI), Cloud Computing, Cloud Management, Data Center, Software","National, Maryland, United States, North America",Owl Ventures,,,,,,,,,,,,,
Series B - CloudSEK,https://www.crunchbase.com/funding_round/cloudsek-series-b--d7ce2b48,Series B,10000000,2026-01-13,Early Stage Venture,CloudSEK is a predictive cyber threat intelligence platform that identifies and forecasts AI-driven attack sequences before they emerge.,https://www.cloudsek.com,8,"Artificial Intelligence (AI), Cyber Security, Machine Learning, SaaS, Security","Singapore, Central Region, Singapore, Asia",Connecticut Innovations,,,,,,,,,,,,,
Angel Round - Galix Artificial Intelligence,https://www.crunchbase.com/funding_round/galix-artificial-intelligence-angel--52b4b27a,Angel,10000000,2026-01-08,Seed,Galix Artificial Intelligence is a technology companies focusing on Generative Engine Optimization (GEO) services.,,1,"Artificial Intelligence (AI), Machine Learning",,Princeton International,,,,,,,,,,,,,
Funding Round - No Agent List,https://www.crunchbase.com/funding_round/no-agent-list-undisclosed--b8aca3c0,Funding Round,10000000,2026-01-13,,"No Agent List provides data-driven, agent-free real estate lead lists for investors, focusing on opportunities like bankruptcy, auction etc.",https://www.noagentlist.com,1,"Artificial Intelligence (AI), Real Estate","Beverly Hills, California, United States, North America",,,,,,,,,,,,,,
Seed Round - Biographica,https://www.crunchbase.com/funding_round/biographica-seed--853f86fa,Seed,9454272,2026-01-07,Seed,Biographica is a biotechnology company that accelerates gene discovery in agriculture with knowledge graphs and machine learning.,https://graphica.bio,1,"Agriculture, Artificial Intelligence (AI), Biotechnology","Spitalfields, Essex, United Kingdom, Europe",Faber,,,,,,,,,,,,,
Venture Round - Mechademy Incorporated,https://www.crunchbase.com/funding_round/mechademy-incorporated-series-unknown--46cb4bd3,Venture - Series Unknown,9086015,2026-01-02,,"Mechademy Incorporated is a cloud-based SaaS platform for remote monitoring of Turbo-machinery, providing performance analytics.",https://www.mechademy.com/,2,"Analytics, Cloud Computing, Predictive Analytics, SaaS","Houston, Texas, United States, North America",,,,,,,,,,,,,,
Seed Round - Nexxa.ai,https://www.crunchbase.com/funding_round/nexxa-ai-seed--2f800b35,Seed,9000000,2026-01-21,Seed,Specialized Artificial Intelligence for Heavy Industries,https://nexxa.ai,3,"Artificial Intelligence (AI), Commercial Real Estate, Generative AI, Industrial, Manufacturing, Mining, Oil and Gas, Railroad, Software","Sunnyvale, California, United States, North America",Construct Capital,,,,,,,,,,,,,
Venture Round - Midcentury,https://www.crunchbase.com/funding_round/midcentury-series-unknown--599cafa1,Venture - Series Unknown,8895293,2026-01-06,,Midcentury offers privacy-focused data monetization and access tools for developers and consumers.,https://www.midcentury.xyz,1,"Artificial Intelligence (AI), Generative AI, Market Research","New York, New York, United States, North America",,,,,,,,,,,,,,
Seed Round - CertHub,https://www.crunchbase.com/funding_round/certhub-seed--bb77f7dc,Seed,7270169,2026-01-06,Seed,AI-Powered MedTech Compliance Platform,https://www.certhub.de/en,1,"Artificial Intelligence (AI), Information Technology, Software","München, Bayern, Germany, Europe",Cusp Capital,,,,,,,,,,,,,
Seed Round - Legato AI,https://www.crunchbase.com/funding_round/legato-ai-seed--138fb42e,Seed,7000000,2026-01-20,Seed,Legato AI is the first AI Extensibility Layer designed for B2B SaaS systems.,https://www.legato.ai,1,"Artificial Intelligence (AI), SaaS, Software","Tel Aviv, Tel Aviv, Israel, Asia",S Capital VC,,,,,,,,,,,,,
Seed Round - Open,https://www.crunchbase.com/funding_round/opencopilot-seed--39a68026,Seed,7000000,2026-01-20,Seed,Open is an AI-powered customer support platform designed to automate support workflows.,https://open.cx,3,"Artificial Intelligence (AI), CRM, Information Technology, Software","Delaware, Ohio, United States, North America","X By Unifonic, Y Combinator",,,,,,,,,,,,,
Seed Round - AiStrike,https://www.crunchbase.com/funding_round/aistrike-seed--63ee87b4,Seed,7000000,2026-01-21,Seed,AiStrike is an emerging leader in AI-Powered Automation for Security Investigation and Response company.,https://www.aistrike.com,3,"Artificial Intelligence (AI), Computer, Network Security","Pleasanton, California, United States, North America",Blumberg Capital,,,,,,,,,,,,,
Series A - Superlinear,https://www.crunchbase.com/funding_round/superlinear-eu-series-a--16538891,Series A,6985200,2026-01-13,Early Stage Venture,Decide better. Move faster.,https://superlinear.eu,1,"Artificial Intelligence (AI), Generative AI, Information Technology, Machine Learning, Software, Software Engineering","Brussels, Brussels Hoofdstedelijk Gewest, Belgium, Europe",BDO,,,,,,,,,,,,,
Seed Round - AiderX,https://www.crunchbase.com/funding_round/aiderx-seed--6e8929e1,Seed,6779619,2026-01-13,Seed,AiderX is a technology startup that creates AI assistants for everyone.,https://www.aiderx.io,2,"Advertising, Artificial Intelligence (AI), Cloud Infrastructure","Seongnam, Kyonggi-do, South Korea, Asia",,,,,,,,,,,,,,
Venture Round - Fintool,https://www.crunchbase.com/funding_round/blocktool-series-unknown--3b785e1c,Venture - Series Unknown,6739000,2026-01-06,,Fintool is a AI platform that offers a financial copilot tool for institutional investors.,https://www.fintool.com,2,"Analytics, Artificial Intelligence (AI), Finance, SaaS, Search Engine","San Francisco, California, United States, North America",,,,,,,,,,,,,,
Venture Round - AI Lean,https://www.crunchbase.com/funding_round/ai-lean-series-unknown--d5444e15,Venture - Series Unknown,6719236,2026-01-12,,AI Lean develops an all-in-one technology for processing liens and auctions.,https://www.ai-lean.com/,2,"Artificial Intelligence (AI), Auctions, Property Management","Boston, Massachusetts, United States, North America",,,,,,,,,,,,,,
Venture Round - Spector.ai,https://www.crunchbase.com/funding_round/spector-ai-series-unknown--f5fdd0f9,Venture - Series Unknown,6450870,2026-01-08,,"Spector.ai uses AI agents to simplify plant onboarding, monitoring, and reliability management.",https://spector.ai,1,"Artificial Intelligence (AI), Automotive, Industrial Automation, Manufacturing, Renewable Energy","Bengaluru, Karnataka, India, Asia",IvyCap Ventures,,,,,,,,,,,,,
Seed Round - FinOpsly,https://www.crunchbase.com/funding_round/finopsly-seed--efb912d2,Seed,6420002,2026-01-14,Seed,"Cloud, Data, AI Cost Management, FinOps",https://www.finopsly.com,3,"Agentic AI, Artificial Intelligence (AI), Generative AI, Information Technology, Software","Cincinnati, Ohio, United States, North America",,,,,,,,,,,,,,
Seed Round - Bolna,https://www.crunchbase.com/funding_round/whismurwave-inc-seed--93e38def,Seed,6300000,2026-01-20,Seed,"Bolna offers voice AI agents that transforms business to qualify leads, boost sales, automate customer support, and streamline recruitment.",https://www.bolna.ai/,2,"Artificial Intelligence (AI), Business Development, Generative AI, Sales, VoIP","Dover, Delaware, United States, North America",General Catalyst,,,,,,,,,,,,,
Seed Round - PraxisPro,https://www.crunchbase.com/funding_round/praxispro-seed--c81f98b9,Seed,6000000,2026-01-21,Seed,"PraxisPro operates as an AI-powered training platform targeted for life sciences, including pharmaceutical and medical device sales teams.",https://www.praxispro.ai,1,"Artificial Intelligence (AI), Pharmaceutical, Sales","Houston, Texas, United States, North America",AlleyCorp,,,,,,,,,,,,,
Seed Round - Parambil,https://www.crunchbase.com/funding_round/parambil-seed--6e53b5c5,Seed,6000000,2026-01-13,Seed,Parambil is an AI-powered legal technology company that specializes in medical record review and litigation support.,https://www.parambil.com,2,"Artificial Intelligence (AI), Legal Tech","Nyack, New York, United States, North America",Bling Capital,,,,,,,,,,,,,
Seed Round - Simplex AI,https://www.crunchbase.com/funding_round/simplex-ai-seed--c6e3e7b0,Seed,6000000,2026-01-19,Seed,"Simplex AI develops Lev8, an AI-native platform for real-time sales and recruiting intelligence and buyer intent insights.",https://lev8.com/,1,"Artificial Intelligence (AI), Enterprise Software, Lead Generation, Marketing, Productivity Tools, Recruiting, Sales Automation, Software","Singapore, Central Region, Singapore, Asia",GL Ventures,,,,,,,,,,,,,
Seed Round - RevRing AI,https://www.crunchbase.com/funding_round/revring-ai-seed--ab775d4d,Seed,5900000,2026-01-14,Seed,The World's Leader in Voice AI & Agentic Sales,https://www.revring.ai/,1,"Artificial Intelligence (AI), Software, Telecommunications","Newark, Delaware, United States, North America",,,,,,,,,,,,,,
Angel Round - Benko Technology,https://www.crunchbase.com/funding_round/benko-technology-angel--bc52151e,Angel,5709718,2026-01-07,Seed,Benko Technology a developer of integrated medical training platforms.,,1,"Artificial Intelligence (AI), Health Care, Medical","Yünnan, Yunnan, China, Asia",,,,,,,,,,,,,,
Seed Round - Fencer,https://www.crunchbase.com/funding_round/fencer-seed--0c3184ad,Seed,5500000,2026-01-13,Seed,Fencer provides an integrated cybersecurity and compliance platform for software startups.,https://fencer.dev,1,"Artificial Intelligence (AI), Cloud Computing, Compliance, Cyber Security, Developer Tools, DevOps, Enterprise Software, SaaS, Security, Software","West New York, New Jersey, United States, North America",MHS Capital,,,,,,,,,,,,,
Seed Round - AgileRL,https://www.crunchbase.com/funding_round/agilerl-seed--da3520bb,Seed,5400000,2026-01-07,Seed,AgileRL is streamlining reinforcement learning with RLOps and democratising access to building human-level artificial intelligence systems.,https://agilerl.com,2,"Artificial Intelligence (AI), Machine Learning, Software","London, England, United Kingdom, Europe",Fusion Fund,,,,,,,,,,,,,
Series A - Ringg,https://www.crunchbase.com/funding_round/ringg-series-a--814a6298,Series A,5281894,2026-01-20,Early Stage Venture,Ringg is an IT company that develops software for manufacturing industries.,https://www.ringg.ai,2,"Analytics, Artificial Intelligence (AI), Business Process Automation (BPA), Cloud Computing, Data Visualization, Enterprise Software, Industrial Automation, Manufacturing, Software","Bengaluru, Karnataka, India, Asia","Arkam Ventures, Capital 2B, QED Investors, Stargazer Fund, White Venture Capital",,,,,,,,,,,,,
Series A - Nitro Commerce,https://www.crunchbase.com/funding_round/nitro-commerce-series-a--6a064457,Series A,5000000,2026-01-07,Early Stage Venture,Nitro Commerce provides AI tools to help them reach their greatest potential.,https://nitrocommerce.ai/get-started,2,"Artificial Intelligence (AI), Information Technology","Haryana, Haryana, India, Asia",Cornerstone Ventures,,,,,,,,,,,,,
Pre Seed Round - Stilla AI,https://www.crunchbase.com/funding_round/stilla-ai-pre-seed--a74d6c33,Pre-Seed,5000000,2026-01-20,Seed,"Stilla is an AI agent that quietly keeps track of everything — what was said, what needs doing, and what’s already in motion.",https://stilla.ai/,1,"Artificial Intelligence (AI), Productivity Tools","Stockholm, Stockholms Lan, Sweden, Europe",General Catalyst,,,,,,,,,,,,,
Pre Seed Round - Ucut inc,https://www.crunchbase.com/funding_round/ucut-inc-pre-seed--57fc04c7,Pre-Seed,5000000,2026-01-02,Seed,UCUT offers a service that brings barbers and stylists to a customer’s chosen location through a mobile app.,https://ucutpro.com/,1,"Artificial Intelligence (AI), Beauty, Software","Boise, Idaho, United States, North America",,,,,,,,,,,,,,
Venture Round - bellFace,https://www.crunchbase.com/funding_round/bellface-series-unknown--226e7123,Venture - Series Unknown,4750037,2026-01-19,,bellFace is an IT company that offers an AI application for sales and a mobile app that visualizes the sales process.,https://corp.bell-face.com/,4,"Artificial Intelligence (AI), Small and Medium Businesses, Telecommunications","Tokyo, Tokyo, Japan, Asia",,,,,,,,,,,,,,
Seed Round - Coxwave,https://www.crunchbase.com/funding_round/coxwave-c11d-seed--524bf400,Seed,4743261,2026-01-14,Seed,"Coxwave provides product analytics and observability for AI apps through Skylight, tracking LLM prompts, metrics, feedback, evaluations.",https://www.coxwave.com,3,"Analytics, Artificial Intelligence (AI), B2B, Consulting, Information Technology, Machine Learning, SaaS, Software","Seoul, Seoul-t'ukpyolsi, South Korea, Asia",L&S Venture Capital,,,,,,,,,,,,,
Seed Round - Aivar Innovations,https://www.crunchbase.com/funding_round/aivar-innovations-seed--4c6585f2,Seed,4600000,2026-01-08,Seed,Aivar Innovations is an AI-focused technology services company specializing in end-to-end AI solutions for startups and enterprises.,https://aivar.tech,1,"Analytics, Artificial Intelligence (AI), Cloud Infrastructure, Consulting, DevOps, Generative AI, Information Services, Information Technology, Machine Learning","Coimbatore, Tamil Nadu, India, Asia",Sorin Investments,,,,,,,,,,,,,
Seed Round - Musical AI,https://www.crunchbase.com/funding_round/musical-ai-seed--387c5cbe,Seed,4500000,2026-01-13,Seed,"Musical AI is a technology company focused on secure music licensing, rights management, and attribution for AI applications.",https://www.wearemusical.ai/,2,"Artificial Intelligence (AI), Information Technology, Music","Los Angeles, California, United States, North America",Heavybit,,,,,,,,,,,,,
Seed Round - Thunder Compute,https://www.crunchbase.com/funding_round/thunder-9b4c-seed--8632b331,Seed,4500000,2026-01-20,Seed,One-click GPU instances for 80% less,https://www.thundercompute.com,2,"Artificial Intelligence (AI), Cloud Computing, Data Center, Information Technology, Software","San Francisco, California, United States, North America",Matrix,,,,,,,,,,,,,
Pre Seed Round - Rollo Robotics,https://www.crunchbase.com/funding_round/rollo-robotics-pre-seed--1283cc56,Pre-Seed,4319296,2026-01-08,Seed,Rollo Robotics develops autonomous monowheel security robots using gyroscopic stabilisation technology.,https://1rollo.com/,1,"Robotic Process Automation (RPA), Robotics, Security","Tallinn, Harjumaa, Estonia, Europe",FoodLabs,,,,,,,,,,,,,
Seed Round - Hexalog,https://www.crunchbase.com/funding_round/hexalog-d0e2-seed--35da1a88,Seed,4000000,2026-01-13,Seed,Hexalog is a AI-powered platform for cross-border supply chains.,https://hexalog.in,2,"Artificial Intelligence (AI), Supply Chain Management, Transportation","Delhi, Delhi, India, Asia",Enrission India Capital,,,,,,,,,,,,,
Seed Round - Aniai,https://www.crunchbase.com/funding_round/aniai-seed--6505ff74,Seed,4000000,2026-01-20,Seed,Aniai develops a labor solution for quick service restaurants by building a robotic kitchen.,https://www.aniai.ai/,4,"Artificial Intelligence (AI), Food and Beverage, Industrial Automation, Robotics","New York, New York, United States, North America",Korea Development Bank,,,,,,,,,,,,,
Seed Round - Nami Technology,https://www.crunchbase.com/funding_round/nami-technology-seed--bf961be0,Seed,4000000,2026-01-18,Seed,Namitech is a developer of voice biometrics and natural language processing.,https://www.namitech.io,2,"Biometrics, Natural Language Processing","Ho Chi Minh City, NA - Vietnam, Vietnam, Asia",,,,,,,,,,,,,,
Seed Round - HeyMilo,https://www.crunchbase.com/funding_round/heymilo-seed--9d131868,Seed,3899997,2026-01-05,Seed,"HeyMilo is an AI-powered candidate screening platform that enables organizations to screen, interview, and evaluate candidates.",https://www.heymilo.ai/,3,"Artificial Intelligence (AI), Generative AI, Recruiting, SaaS","New York, New York, United States, North America",,,,,,,,,,,,,,
Seed Round - RARA Factory,https://www.crunchbase.com/funding_round/rara-factory-seed--fc30eb60,Seed,3724867,2026-01-14,Seed,RARA Factory is a company that provides research and development of sustainable materials utilizing physics-based artificial intelligence.,https://rarafactory.com/,2,"Artificial Intelligence (AI), CleanTech, Sustainability","Venezia, Veneto, Italy, Europe",,,,,,,,,,,,,,
Seed Round - Unusual AI,https://www.crunchbase.com/funding_round/unusual-ai-seed--4dd5d19f,Seed,3600000,2026-01-02,Seed,Unusual AI is an IT and Internet firm offering AI that personalise website according to visitors for more conversions.,https://www.unusual.ai/,2,"Artificial Intelligence (AI), Information Technology, Internet","San Francisco, California, United States, North America",BoxGroup,,,,,,,,,,,,,
Seed Round - Tivara,https://www.crunchbase.com/funding_round/tivara-seed--9e071448,Seed,3600000,2026-01-08,Seed,"Tivara designs software to help doctors quickly automate prior authorization requests, so care is delivered faster.",https://www.tivara.com/,2,"Artificial Intelligence (AI), B2B, Health Care","New York, New York, United States, North America",,,,,,,,,,,,,,
Seed Round - Fini AI,https://www.crunchbase.com/funding_round/fini-ea8a-seed--c064e93a,Seed,3600000,2026-01-15,Seed,Fini | Automate 80% of enterprise support with AI agents,https://www.usefini.com,2,"Agentic AI, Artificial Intelligence (AI), Machine Learning, SaaS, Technical Support","Amsterdam, Noord-Holland, The Netherlands, Europe",Matrix,,,,,,,,,,,,,
Pre Seed Round - Revox,https://www.crunchbase.com/funding_round/revox-2101-pre-seed--ebfc4aa7,Pre-Seed,3491250,2026-01-15,Seed,Use Voice AI to automate your outbound calls,https://www.getrevox.com,1,"Artificial Intelligence (AI), Information Technology, Internet","Meudon, Ile-de-France, France, Europe",,,,,,,,,,,,,,
Seed Round - Modeinspect,https://www.crunchbase.com/funding_round/acreom-seed--ff85f7c1,Seed,3400000,2026-01-15,Seed,Modeinspect is the new way of building software products,https://modeinspect.com/,2,"Artificial Intelligence (AI), Generative AI, Internet","San Francisco, California, United States, North America",Partech,,,,,,,,,,,,,
Pre Seed Round - RiskFront,https://www.crunchbase.com/funding_round/riskfront-pre-seed--8148f21d,Pre-Seed,3300000,2026-01-21,Seed,Agentic AI systems for financial crime operational tasks and workflows.,https://riskfront.ai/,2,"Agentic AI, Artificial Intelligence (AI), Information Technology, Software","Los Angeles, California, United States, North America",Lytical Ventures,,,,,,,,,,,,,
Seed Round - AVES Reality,https://www.crunchbase.com/funding_round/aves-reality-seed--295267dc,Seed,3142857,2026-01-14,Seed,AVES Reality creates AI-based software that generates virtual 3D maps of any location using data such as satellite and overflight images.,https://avesreality.com,2,"Artificial Intelligence (AI), Mapping Services, Navigation","Garmisch-partenkirchen, Bayern, Germany, Europe",Matterwave Ventures,,,,,,,,,,,,,
Seed Round - Arrowhead,https://www.crunchbase.com/funding_round/arrowhead-ddc0-seed--1607de3c,Seed,3000000,2026-01-07,Seed,Arrowhead provides an AI-powered virtual calling platform that automates inbound and outbound sales and customer engagement tasks.,https://www.arrowhead.team,2,"Artificial Intelligence (AI), Generative AI, Software","Bangalore, Karnataka, India, Asia",Stellaris Venture Partners,,,,,,,,,,,,,
Seed Round - IRIS Intelligence Group,https://www.crunchbase.com/funding_round/iris-intelligence-group-seed--e80622bd,Seed,3000000,2026-01-02,Seed,"IRIS Intelligence Group offers an intelligence request management, routing & resolution platform for law enforcement professionals.",https://www.irisintelgroup.com/,1,"Artificial Intelligence (AI), Law Enforcement, Software","Naples, Florida, United States, North America",,,,,,,,,,,,,,
Seed Round - Cancilico,https://www.crunchbase.com/funding_round/cancilico-seed--92cbe235,Seed,2912161,2026-01-20,Seed,Cancilico creates AI and computer vision tools for image-based diagnostics to support healthcare professionals.,https://cancilico.com,1,"Artificial Intelligence (AI), Information Technology, Software","Dresden, Sachsen, Germany, Europe",HTGF (High-Tech Gruenderfonds),,,,,,,,,,,,,
Seed Round - Withpoints,https://www.crunchbase.com/funding_round/withpoints-seed--e8e9d383,Seed,2764564,2026-01-06,Seed,Withpoints is a 3D Vision-powered robot automation platform.,https://www.withpoints.co.kr/,1,"3D Technology, Robotic Process Automation (RPA), Robotics","Seongnam, Kyonggi-do, South Korea, Asia",CRIT Ventures,,,,,,,,,,,,,
Venture Round - REVORN,https://www.crunchbase.com/funding_round/revorn-series-unknown--c135e18a,Venture - Series Unknown,2747525,2026-01-06,,REVORN is a technology company that engages in the research and development of odor sensors and artificial intelligence solutions.,https://www.revorn.co.jp/,3,"App Discovery, Artificial Intelligence (AI), Hardware, Software","Tokyo, Tokyo, Japan, Asia",,,,,,,,,,,,,,
Seed Round - Cimba.ai,https://www.crunchbase.com/funding_round/cimba-ai-seed--da9e2eb7,Seed,2500000,2026-01-19,Seed,AI infrastructure for enterprise business operation to create custom adaptive gen-AI applications to optimize business operations,https://www.cimba.ai,2,"Analytics, Artificial Intelligence (AI), Business Intelligence, Generative AI, Predictive Analytics, SaaS, Software","San Francisco, California, United States, North America",Spider Capital,,,,,,,,,,,,,
Seed Round - AlphaBitCore,https://www.crunchbase.com/funding_round/alphabitcore-seed--8e17b050,Seed,2500000,2026-01-15,Seed,Virtualization layer for Enterprise AI,https://alphabitcore.com,1,"Agentic AI, Artificial Intelligence (AI), Enterprise Applications, Enterprise Software, Financial Services, FinTech, Generative AI","Chicago, Illinois, United States, North America",,,,,,,,,,,,,,
Seed Round - Aliado,https://www.crunchbase.com/funding_round/aliado-1328-seed--6c2268f0,Seed,2408121,2026-01-09,Seed,"Aliado uses AI to analyze in-store interactions, find why sales fail, and deliver instant micro-training to retail staff.",https://alia.do,2,"Artificial Intelligence (AI), Retail Technology, SaaS","São Paulo, Sao Paulo, Brazil, South America","Headline, Nestal",,,,,,,,,,,,,
Seed Round - Offerswap,https://www.crunchbase.com/funding_round/offerswap-4866-seed--b718227d,Seed,2329729,2026-01-20,Seed,"One place to buy services, sell smarter, and connect with people.",https://offerswap.app,1,"Artificial Intelligence (AI), E-Commerce Platforms, Marketplace, Social Media","Hämeenlinna, Southern Finland, Finland, Europe",,,,,,,,,,,,,,
Angel Round - Haisen Digital Investment,https://www.crunchbase.com/funding_round/haisen-digital-investment-angel--a8cef912,Angel,2255339,2026-01-07,Seed,Haisen Digital Investment is an integrated marketing service provider for short video live streaming e-commerce.,,1,"Artificial Intelligence (AI), Digital Marketing, Video","Guangzhou, Guangdong, China, Asia",Yuecheng Shijia,,,,,,,,,,,,,
Pre Seed Round - Principled Intelligence,https://www.crunchbase.com/funding_round/principled-intelligence-pre-seed--1701b3c1,Pre-Seed,2154849,2026-01-09,Seed,Principled Intelligence specializes in developing technologies that control and govern artificial intelligence systems.,https://principled-intelligence.com/,1,"Artificial Intelligence (AI), Data Governance, Risk Management, Software","Rome, Lazio, Italy, Europe",,,,,,,,,,,,,,
Seed Round - Acurion,https://www.crunchbase.com/funding_round/acurion-seed--73eb5c0d,Seed,2100000,2026-01-02,Seed,Acurion develops AI-driven diagnostic solutions that extract actionable genomic biomarker insights from standard pathology images.,https://acurionhealth.com,1,"Artificial Intelligence (AI), Biotechnology, Health Care, Health Diagnostics, Machine Learning, Medical","San Diego, California, United States, North America",TK & Partners,,,,,,,,,,,,,
Seed Round - MilkStraw AI,https://www.crunchbase.com/funding_round/milkstraw-ai-seed--306c3dff,Seed,2000000,2026-01-06,Seed,An AI-powered AWS optimization platform for high-growth companies,https://www.milkstraw.ai/,2,"Artificial Intelligence (AI), Cloud Computing, Cloud Infrastructure","San Francisco, California, United States, North America",VentureSouq,,,,,,,,,,,,,
Angel Round - ListenHub,https://www.crunchbase.com/funding_round/listenhub-angel--600b11a7,Angel,2000000,2026-01-01,Seed,"ListenHub is an AI-powered platform that converts text, videos, PDFs, documents into podcasts, explainer videos, slides, and voice-cloned.",https://listenhub.ai,1,"Artificial Intelligence (AI), Automotive, Content Creators, Digital Media, Information Technology",,FutureX Capital,,,,,,,,,,,,,
Seed Round - AGGX,https://www.crunchbase.com/funding_round/aggx-seed--7b008b5e,Seed,2000000,2026-01-15,Seed,AGGX a project focused on next-generation GPU and AI computing infrastructure.,,1,Artificial Intelligence (AI),,Ternary Fund Management,,,,,,,,,,,,,
Seed Round - VyTek,https://www.crunchbase.com/funding_round/vytek-seed--f9f7612c,Seed,2000000,2026-01-05,Seed,VyTek Civilization Stack is a nation-building technology company redefining the foundation of modern civilization.,https://www.vytek-it.com/,1,"Artificial Intelligence (AI), Digital Media, Infrastructure","Dallas, Texas, United States, North America","FasterCapital, Hesham Zreik",,,,,,,,,,,,,
Seed Round - Whistle Performance,https://www.crunchbase.com/funding_round/whistle-performance-seed--a101736a,Seed,2000000,2026-01-20,Seed,Whistle Performance provides AI-driven sports and human performance analytics software for teams and organizations.,https://www.whistleperformance.ai,1,"Analytics, Artificial Intelligence (AI), EdTech, Enterprise Software, Health Care, Human Resources, Machine Learning, Software, Sports","San Diego, Texas, United States, North America",,,,,,,,,,,,,,
Pre Seed Round - VisaPal,https://www.crunchbase.com/funding_round/visapal-pre-seed--cb80e256,Pre-Seed,2000000,2026-01-01,Seed,VisaPal provides online tools for managing visa applications and preparing required immigration documents.,https://tryvisapal.com,1,"Artificial Intelligence (AI), Consumer Software, Information Technology, SaaS, Tourism, Travel","New York, New York, United States, North America",,,,,,,,,,,,,,
Seed Round - Orchestra Health,https://www.crunchbase.com/funding_round/orchestra-health-c61c-seed--7156ace7,Seed,1999919,2026-01-12,Seed,"Orchestra Health develops an AI-powered preoperative readiness platform to streamline surgical intake, improve patient outcomes.",https://www.orchestrahealth.com,1,"Artificial Intelligence (AI), Health Care, Human Resources","San Antonio, Texas, United States, North America",,,,,,,,,,,,,,
Pre Seed Round - Bricks.sh,https://www.crunchbase.com/funding_round/bricks-sh-pre-seed--acc214fb,Pre-Seed,1861281,2026-01-11,Seed,Bricks.sh provides customer service and all business teams with an admin panel they enjoy while putting internal tools on autopilot,https://www.bricks.sh,1,"Artificial Intelligence (AI), Developer Tools, Software","Milano, Lombardia, Italy, Europe",Primo Capital,,,,,,,,,,,,,
Seed Round - Luna Systems,https://www.crunchbase.com/funding_round/luna-28ca-seed--a352aa7e,Seed,1745625,2026-01-15,Seed,Luna provides AI and computer vision to manage how micromobility vehicles are ridden and parked.,http://www.luna.systems,3,"Artificial Intelligence (AI), Computer Vision, Fleet Management, Internet of Things, Last Mile Transportation, Machine Learning","Dublin, Dublin, Ireland, Europe",Fundracer Capital,,,,,,,,,,,,,
Venture Round - Taalentfy,https://www.crunchbase.com/funding_round/knowledgefy-series-unknown--79e0efab,Venture - Series Unknown,1743892,2026-01-19,,"Taalentfy is a technology and platform allow to identify, select and manage people in the new talent and employment paradigm",http://www.taalentfy.com,6,"Artificial Intelligence (AI), Human Resources, Knowledge Management, Machine Learning, Mobile Apps, Training","Málaga, Andalucia, Spain, Europe",,,,,,,,,,,,,,
Pre Seed Round - Karavel.ai,https://www.crunchbase.com/funding_round/karavel-ai-pre-seed--7bfe47ba,Pre-Seed,1682376,2026-01-13,Seed,"Karavel is an AI platform that manages regulatory control, marketing evaluations, and procedures in finance, technology and healthcare.",https://karavel.ai,1,"Artificial Intelligence (AI), Information Technology","London, England, United Kingdom, Europe",Fuel Ventures,,,,,,,,,,,,,
Series A - Greenphard Energy,https://www.crunchbase.com/funding_round/greenphard-energy-series-a--b1c412c1,Series A,1530000,2026-01-15,Early Stage Venture,"Greenphard Energy is an IT consulting firm that offers renewable energy, machine learning, IoT data analysis, and cloud computing services.",https://greenphard.com/,4,"Artificial Intelligence (AI), Cloud Computing, Internet of Things, Machine Learning, Renewable Energy","Tokyo, Tokyo, Japan, Asia",,,,,,,,,,,,,,
Corporate Round - Polyalgorithm Machine Learning,https://www.crunchbase.com/funding_round/polyml-corporate-round--6bff9a9a,Corporate Round,1500000,2026-01-15,,Polyalgorithm Machine Learning is a tech company that offers AI and machine learning solutions for various industries.,https://polyml.com,1,"Artificial Intelligence (AI), Automotive, Manufacturing","Waterloo, Ontario, Canada, North America",Martinrea International,,,,,,,,,,,,,
Seed Round - ResquadAI,https://www.crunchbase.com/funding_round/resquadai-seed--20e78b36,Seed,1500000,2026-01-15,Seed,ResquadAI is a service company that connects local software development studios with other companies.,https://resquad.ai,2,"Artificial Intelligence (AI), Recruiting, Staffing Agency","Dammam, Ash Sharqiyah, Saudi Arabia, Asia",Saeed Raddad Group,,,,,,,,,,,,,
Venture Round - Language I/O,https://www.crunchbase.com/funding_round/language-i-o-series-unknown--6fbb6077,Venture - Series Unknown,1499982,2026-01-13,,Language I/O is a software development company whose products allow clients to provide multilingual customer support to their customers.,http://languageio.com,7,"Communications Infrastructure, Customer Service, Machine Learning, SaaS, Translation Service","Cheyenne, Wyoming, United States, North America",,,,,,,,,,,,,,
Seed Round - Valent Projects,https://www.crunchbase.com/funding_round/valent-projects-seed--7dcf7236,Seed,1478409,2026-01-14,Seed,"Valent Projects addresses online manipulation and disinformation, offering tools to track and analyze media data.",https://www.valent-projects.com,1,"Artificial Intelligence (AI), Information Services, Real Time, Social Media","North Kensington, Kent, United Kingdom, Europe",Bayes Entrepreneurship Fund,,,,,,,,,,,,,
Angel Round - Wanyigui Technology,https://www.crunchbase.com/funding_round/wanyigui-technology-angel--bb09fda1,Angel,1433075,2026-01-14,Seed,"Wanyigui Technology is a multi-industry integrated ecosystem builder, consistently focusing on technological innovation and business models.",https://www.wanyigui.com/,1,"Artificial Intelligence (AI), Big Data, Machine Learning","Guizhou, Liaoning, China, Asia",Dengshili Co,,,,,,,,,,,,,
Seed Round - Moushen Intelligent,https://www.crunchbase.com/funding_round/moushen-intelligent-seed--add56840,Seed,1429817,2026-01-04,Seed,"Moushen Intelligent is a Shanghai-based startup specializing in embodied AI, particularly generative universal embodied brains for robotics",,2,"Artificial Intelligence (AI), Embedded Systems, Robotics","Shanghai, Shanghai, China, Asia",Xuhui Venture Capital,,,,,,,,,,,,,
Seed Round - Fortuna Media Group,https://www.crunchbase.com/funding_round/fortuna-media-group-406c-seed--06c7139f,Seed,1400000,2026-01-03,Seed,"The organization owns a diverse portfolio of brands and service companies, operating numerous online businesses worldwide",https://www.fortunamediagroup.com,10,"Artificial Intelligence (AI), E-Commerce, Product Management, Social Media, Social Media Management","Seattle, Washington, United States, North America",,,,,,,,,,,,,,
Corporate Round - OmixAI,https://www.crunchbase.com/funding_round/omixai-corporate-round--f8c498fe,Corporate Round,1379485,2026-01-08,,Omics AI's automated system with our high-cost protein analysis service,https://www.omixai.com/,1,Artificial Intelligence (AI),"Seoul, Seoul-t'ukpyolsi, South Korea, Asia",Oncocross,,,,,,,,,,,,,
Venture Round - Spot Ship,https://www.crunchbase.com/funding_round/spot-ship-series-unknown--ab2a1b4d,Venture - Series Unknown,1342404,2026-01-14,,Spot Ship is an enterprise SAAS company that reduces the time it takes a ship broker to charter a ship from 6 days to 2 hours,https://www.spot-ship.com/,3,"Logistics, Machine Learning, Software","London, England, United Kingdom, Europe",Ventures.eu,,,,,,,,,,,,,
Seed Round - Supwat,https://www.crunchbase.com/funding_round/supwat-seed--bbab88e8,Seed,1277919,2026-01-06,Seed,Supwat provides a solution platform for R&D in the manufacturing industry based on proprietary mechanical informatics technology.,https://www.supwat.com/,1,"Artificial Intelligence (AI), Consulting, Industrial Manufacturing, Manufacturing, Product Research, Software","Tokyo, Tokyo, Japan, Asia",Inspire,,,,,,,,,,,,,
Pre Seed Round - KOLECT,https://www.crunchbase.com/funding_round/kolect-pre-seed--decd6267,Pre-Seed,1200000,2026-01-12,Seed,"Kolect is a crypto quantitative trading platform to build, backtest, and deploy strategies using market and social data.",https://kolect.info/,1,"Artificial Intelligence (AI), Cryptocurrency, Financial Services","Hong Kong, Hong Kong Island, Hong Kong, Asia",amber.ac,,,,,,,,,,,,,
Seed Round - AICertified,https://www.crunchbase.com/funding_round/aicertified-seed--dd4d4a48,Seed,1160960,2026-01-15,Seed,AICertified provides AI skills training and certification as an edtech platform.,https://www.becomeaicertified.com/,1,"Artificial Intelligence (AI), Information Technology, Internet","Dublin, Dublin, Ireland, Europe",Oyster Capital Partners,,,,,,,,,,,,,
Seed Round - EggNest.ai,https://www.crunchbase.com/funding_round/eggnest-ai-seed--f18c66c9,Seed,1151757,2026-01-15,Seed,EggNest.ai a consulting company that offers solutions and advice on using AI infrastructure to enterprises.,https://www.eggnest.ai/,1,"Artificial Intelligence (AI), Consulting, Enterprise Software","Grand Junction, Colorado, United States, North America",,,,,,,,,,,,,,
Angel Round - Sing a folk song,https://www.crunchbase.com/funding_round/sing-a-folk-song-angel--39f3f8a2,Angel,1149293,2026-01-20,Seed,Sing a folk song is a Changzhishange is a diversified provider of AI-driven legal solutions.,,1,"Artificial Intelligence (AI), Information Technology",,,,,,,,,,,,,,,
Seed Round - Neuropacs,https://www.crunchbase.com/funding_round/neuropacs-seed--f230d554,Seed,1000000,2026-01-20,Seed,"Neuropacs is an AI-based software platform, specializes in neurodegenerative diseases.",https://neuropacs.com/,1,"Artificial Intelligence (AI), Online Portals, Software","Gainesville, Florida, United States, North America",Neuro Investment Group,,,,,,,,,,,,,
Seed Round - AINA Tech,https://www.crunchbase.com/funding_round/aina-tech-a0ac-seed--932c04b5,Seed,1000000,2026-01-15,Seed,AINA is an empathetic AI hiring platform that accelerates business growth and reduces costs by automating 80% of recruitment processes,https://aina-tech.io/product,1,"Artificial Intelligence (AI), Recruiting","Dubai, Dubai, United Arab Emirates, Asia",,,,,,,,,,,,,,
Pre Seed Round - Meet Caria,https://www.crunchbase.com/funding_round/meet-caria-pre-seed--80cc9b0a,Pre-Seed,1000000,2026-01-13,Seed,"Meet Caria, a leading international business in technology, consulting, business.",https://meetcaria.ai,1,"Artificial Intelligence (AI), Recruiting, Software","Newark, Delaware, United States, North America",ANF Investment,,,,,,,,,,,,,
Pre Seed Round - Yipy,https://www.crunchbase.com/funding_round/yipy-pre-seed--470f000c,Pre-Seed,1000000,2026-01-13,Seed,Yipy is a standards management systems for hotels.,https://www.yipy.io,1,"Artificial Intelligence (AI), Web Development","Salt Lake City, Utah, United States, North America","Great North Ventures, Ollin Ventures",,,,,,,,,,,,,
Pre Seed Round - Anytool,https://www.crunchbase.com/funding_round/anytool-pre-seed--97fe1a8f,Pre-Seed,1000000,2026-01-07,Seed,Anytool is an applied research lab focused on transforming how teams build and use internal tools through AI collaboration.,https://www.anytool.sh,1,"Artificial Intelligence (AI), Business Intelligence, Developer Tools, Enterprise Software","San Francisco, California, United States, North America",Y Combinator,,,,,,,,,,,,,
Funding Round - Cypris,https://www.crunchbase.com/funding_round/cypris-undisclosed--16a7fcc4,Funding Round,1000000,2026-01-01,,"Cypris is a market intelligence platform that centralizes innovation data and provides live, AI-powered insights to solve R&D challenges.",https://cypris.ai,7,"Artificial Intelligence (AI), Business Intelligence, Market Research, Software","New York, New York, United States, North America",,,,,,,,,,,,,,
Pre Seed Round - WholeSum,https://www.crunchbase.com/funding_round/wholesum-de82-pre-seed--6783dd15,Pre-Seed,980823,2026-01-05,Seed,Wholesum makes it possible for businesses to gather the data they truly require and create analysis that can handle actual human responses.,https://www.wholesum.tech,2,"Artificial Intelligence (AI), Data Management, Machine Learning","Mildenhall, Suffolk, United Kingdom, Europe",Twin Path Ventures,,,,,,,,,,,,,
Pre Seed Round - FOTOhub,https://www.crunchbase.com/funding_round/fotohub-pre-seed--9e3f076c,Pre-Seed,966785,2026-01-10,Seed,FOTOhub | Next-gen AI Photo Platform with Unlimited Storage & Generation,https://fotohub.pl,2,"Artificial Intelligence (AI), Generative AI, Information Technology, Machine Learning, Photo Editing, Photo Sharing, SaaS, Software",,,,,,,,,,,,,,,
Pre Seed Round - Skene,https://www.crunchbase.com/funding_round/skene-pre-seed--e1c59a24,Pre-Seed,931000,2026-01-15,Seed,"Skene automates onboarding, retention, and growth, allowing vibe developers to focus on development.",https://www.skene.ai/,1,"Artificial Intelligence (AI), Customer Service, Market Research","Helsinki, Southern Finland, Finland, Europe",Superhero Capital,,,,,,,,,,,,,
Pre Seed Round - Osto,https://www.crunchbase.com/funding_round/osto-cybersecurity-private-limited-pre-seed--bb079eee,Pre-Seed,829996,2026-01-15,Seed,One-Stop Cybersecurity Platform for Fast Moving Startups,https://www.osto.one,1,"Artificial Intelligence (AI), Cyber Security","San Francisco, California, United States, North America",,,,,,,,,,,,,,
Debt Financing - BlackBoiler,https://www.crunchbase.com/funding_round/blackboiler-debt-financing--9f2a4378,Debt Financing,800000,2026-01-07,,"BlackBoiler is a legal technology company that creates contract efficiency solutions for companies, law firms, and legal service providers.",https://www.blackboiler.com,5,"Artificial Intelligence (AI), Information Technology, Machine Learning, Software","Ashburn, Virginia, United States, North America",,,,,,,,,,,,,,
Seed Round - Softquantus,https://www.crunchbase.com/funding_round/softquantus-seed--b09e6b8d,Seed,755593,2026-01-18,Seed,SoftQuantus is a European deep-tech company building vendor-neutral infrastructure for governed quantum operations.,https://www.softquantus.com/,1,"Artificial Intelligence (AI), Machine Learning, Quantum Computing, Semiconductor, Software, Software Engineering","Tallinn, Harjumaa, Estonia, Europe",EuroHPC Joint Undertaking,,,,,,,,,,,,,
Seed Round - Chip Data Centers,https://www.crunchbase.com/funding_round/chip-data-centers-seed--f3961ca9,Seed,735421,2026-01-02,Seed,Chip Data Centers offers AI enabled data center for handling sensitive data.,https://www.chipdatacenters.com/,1,"Artificial Intelligence (AI), Data Center, Data Management, Data Storage","Waterloo, Ontario, Canada, North America",,,,,,,,,,,,,,
Seed Round - Adgentek,https://www.crunchbase.com/funding_round/adgentek-seed--6258a9bb,Seed,664964,2026-01-16,Seed,Adgentek is an autonomous AI advertising platform optimizing campaigns with real-time decisions and automation.,https://adgentek.ai/,1,"Advertising, Artificial Intelligence (AI), Marketing","Ormond Beach, Florida, United States, North America",,,,,,,,,,,,,,
Pre Seed Round - Zeya Health,https://www.crunchbase.com/funding_round/zeya-health-pre-seed--f08cafbd,Pre-Seed,575000,2026-01-11,Seed,Zeya is an AI co-pilot that automates admin and streamlines workflows for outpatient clinics across Asia.,https://zeya.health,3,"Artificial Intelligence (AI), B2B, Health Care, SaaS","Singapore, Central Region, Singapore, Asia",Antler,,,,,,,,,,,,,
Venture Round - Cosine,https://www.crunchbase.com/funding_round/buildt-series-unknown--09d30d6a,Venture - Series Unknown,534426,2026-01-02,,Cosine is an AI knowledge engine that understands your codebase.,https://www.cosine.sh,4,"Artificial Intelligence (AI), Developer Platform, Developer Tools, Machine Learning, Natural Language Processing, SaaS","San Francisco, California, United States, North America",,,,,,,,,,,,,,
Venture Round - Overwatch Imaging,https://www.crunchbase.com/funding_round/overwatch-imaging-series-unknown--db1fe00f,Venture - Series Unknown,500000,2026-01-12,,Overwatch Imaging designs and manufactures imaging systems with custom onboard AI software for piloted aircraft and drones.,http://www.overwatchimaging.com/,3,"Aerospace, Artificial Intelligence (AI), Drones, Navigation, Photography","Hood River, Oregon, United States, North America",Elevate Capital,,,,,,,,,,,,,
Pre Seed Round - Cumulus Labs,https://www.crunchbase.com/funding_round/cumulus-labs-pre-seed--f567ffe6,Pre-Seed,500000,2026-01-13,Seed,Optimized GPU Cloud Platform,https://cumuluslabs.io,1,"AI Infrastructure, Artificial Intelligence (AI), Cloud Computing, Cloud Data Services, Cloud Infrastructure, Cloud Management, GPU, Infrastructure, IT Infrastructure, Machine Learning","San Francisco, California, United States, North America",Y Combinator,,,,,,,,,,,,,
Pre Seed Round - Chamber,https://www.crunchbase.com/funding_round/chamber-f81e-pre-seed--e9db2517,Pre-Seed,500000,2026-01-06,Seed,AI Infrastructure on Autopilot,https://www.usechamber.io,1,"Agentic AI, AI Infrastructure, Artificial Intelligence (AI), Enterprise Software","San Francisco, California, United States, North America",,,,,,,,,,,,,,
Pre Seed Round - Squid,https://www.crunchbase.com/funding_round/squid-8289-pre-seed--2780af1c,Pre-Seed,500000,2026-01-05,Seed,"Squid offers a workspace for planning, modeling, and testing power grid networks with tools for network analysis and simulation.",https://www.squid.energy,1,"Artificial Intelligence (AI), Information Technology, Web Apps","San Francisco, California, United States, North America",Y Combinator,,,,,,,,,,,,,
Pre Seed Round - Magnar,https://www.crunchbase.com/funding_round/magnar-ai-pre-seed--40756472,Pre-Seed,500000,2026-01-16,Seed,AI Legaltech Assistant,https://magnar.ai,2,"Artificial Intelligence (AI), Legal Tech, SaaS","Santiago, Region Metropolitana, Chile, South America",,,,,,,,,,,,,,
Seed Round - Gravity GTM,https://www.crunchbase.com/funding_round/gravity-gtm-seed--0f546a7b,Seed,500000,2026-01-16,Seed,Gravity is a SaaS company that offers a RevAI platform built for modern GTM.,https://www.gravitygtm.com/,1,"Artificial Intelligence (AI), Marketing, SaaS","Lafayette, Colorado, United States, North America",,,,,,,,,,,,,,
Pre Seed Round - Gemelo.app,https://www.crunchbase.com/funding_round/gemelo-app-pre-seed--11419667,Pre-Seed,500000,2026-01-10,Seed,AI Twins and AI Avatars for Video Content Creation,https://gemelo.app,1,"Artificial Intelligence (AI), Generative AI, Video","San Francisco, California, United States, North America",,,,,,,,,,,,,,
